method,base_method,iteration,round,block_id,worker_count,eval_point,delta,target_delta,smoothing_delta,M,lr_or_eta,block_oracle_norm,time_sec,formal_seed,problem_seed,partition_seed,method_seed,oracle_type,work,total_work,per_worker_work_max,per_worker_work,eval_work,communication_round,depth,objective,stat_proxy,evaluation_delta,train_accuracy,test_accuracy,candidate_id,candidate_parameters,candidate_rounds,target_total_work,dataset
NOG-ZO,NOG,0,0,0,8,x0_exact,0.002,0.002,0.001,1,9e-05,,0.0,12,100012,200012,761845986,szo,0,0,0,"[0, 0, 0, 0, 0, 0, 0, 0]",8192,0,0,1.0,0.35593724250793457,0.002,0.24080955982208252,0.23622627556324005,NOG-ZO__M-1__data_B_total-64__eta-9em05__smooth_B-1,"{""M"": 1, ""data_B_total"": 64, ""eta"": 9e-05, ""smooth_B"": 1}",7678,983040,a9a
NOG-ZO,NOG,1,1,1,8,y_bar,0.002,0.002,0.001,1,9e-05,1.221933126449585,0.28766608238220215,12,100012,200012,761845986,szo,384,384,48,"[48, 48, 48, 48, 48, 48, 48, 48]",8192,3,3,0.9999963045120239,0.35593724250793457,0.002,0.7576548457145691,0.7578158378601074,NOG-ZO__M-1__data_B_total-64__eta-9em05__smooth_B-1,"{""M"": 1, ""data_B_total"": 64, ""eta"": 9e-05, ""smooth_B"": 1}",7678,983040,a9a
NOG-ZO,NOG,97,97,97,8,y_bar,0.002,0.002,0.001,1,9e-05,1.4961177110671997,2.080488443374634,12,100012,200012,761845986,szo,12672,12672,1584,"[1584, 1584, 1584, 1584, 1584, 1584, 1584, 1584]",16384,99,99,0.9739153981208801,0.35593724250793457,0.002,0.7591904401779175,0.7637737393379211,NOG-ZO__M-1__data_B_total-64__eta-9em05__smooth_B-1,"{""M"": 1, ""data_B_total"": 64, ""eta"": 9e-05, ""smooth_B"": 1}",7678,983040,a9a
NOG-ZO,NOG,193,193,193,8,y_bar,0.002,0.002,0.001,1,9e-05,1.3431233167648315,3.8630218505859375,12,100012,200012,761845986,szo,24960,24960,3120,"[3120, 3120, 3120, 3120, 3120, 3120, 3120, 3120]",24576,195,195,0.9429817199707031,0.35593724250793457,0.002,0.7591904401779175,0.7637737393379211,NOG-ZO__M-1__data_B_total-64__eta-9em05__smooth_B-1,"{""M"": 1, ""data_B_total"": 64, ""eta"": 9e-05, ""smooth_B"": 1}",7678,983040,a9a
NOG-ZO,NOG,289,289,289,8,y_bar,0.002,0.002,0.001,1,9e-05,1.591907262802124,5.692731618881226,12,100012,200012,761845986,szo,37248,37248,4656,"[4656, 4656, 4656, 4656, 4656, 4656, 4656, 4656]",32768,291,291,0.9127417802810669,0.35593724250793457,0.002,0.7591904401779175,0.7637737393379211,NOG-ZO__M-1__data_B_total-64__eta-9em05__smooth_B-1,"{""M"": 1, ""data_B_total"": 64, ""eta"": 9e-05, ""smooth_B"": 1}",7678,983040,a9a
NOG-ZO,NOG,385,385,385,8,y_bar,0.002,0.002,0.001,1,9e-05,1.5502467155456543,7.49335789680481,12,100012,200012,761845986,szo,49536,49536,6192,"[6192, 6192, 6192, 6192, 6192, 6192, 6192, 6192]",40960,387,387,0.8821746706962585,0.35593724250793457,0.002,0.7591904401779175,0.7637737393379211,NOG-ZO__M-1__data_B_total-64__eta-9em05__smooth_B-1,"{""M"": 1, ""data_B_total"": 64, ""eta"": 9e-05, ""smooth_B"": 1}",7678,983040,a9a
NOG-ZO,NOG,481,481,481,8,y_bar,0.002,0.002,0.001,1,9e-05,1.3135977983474731,9.395968198776245,12,100012,200012,761845986,szo,61824,61824,7728,"[7728, 7728, 7728, 7728, 7728, 7728, 7728, 7728]",49152,483,483,0.8522378206253052,0.35593724250793457,0.002,0.7591904401779175,0.7637737393379211,NOG-ZO__M-1__data_B_total-64__eta-9em05__smooth_B-1,"{""M"": 1, ""data_B_total"": 64, ""eta"": 9e-05, ""smooth_B"": 1}",7678,983040,a9a
NOG-ZO,NOG,577,577,577,8,y_bar,0.002,0.002,0.001,1,9e-05,1.2389955520629883,11.268455028533936,12,100012,200012,761845986,szo,74112,74112,9264,"[9264, 9264, 9264, 9264, 9264, 9264, 9264, 9264]",57344,579,579,0.8216003179550171,0.35593724250793457,0.002,0.7591904401779175,0.7637737393379211,NOG-ZO__M-1__data_B_total-64__eta-9em05__smooth_B-1,"{""M"": 1, ""data_B_total"": 64, ""eta"": 9e-05, ""smooth_B"": 1}",7678,983040,a9a
NOG-ZO,NOG,673,673,673,8,y_bar,0.002,0.002,0.001,1,9e-05,1.49832284450531,13.085141897201538,12,100012,200012,761845986,szo,86400,86400,10800,"[10800, 10800, 10800, 10800, 10800, 10800, 10800, 10800]",65536,675,675,0.7913889288902283,0.35593724250793457,0.002,0.7591904401779175,0.7637737393379211,NOG-ZO__M-1__data_B_total-64__eta-9em05__smooth_B-1,"{""M"": 1, ""data_B_total"": 64, ""eta"": 9e-05, ""smooth_B"": 1}",7678,983040,a9a
NOG-ZO,NOG,769,769,769,8,y_bar,0.002,0.002,0.001,1,9e-05,1.5628752708435059,14.996009826660156,12,100012,200012,761845986,szo,98688,98688,12336,"[12336, 12336, 12336, 12336, 12336, 12336, 12336, 12336]",73728,771,771,0.7604635953903198,0.35593724250793457,0.002,0.7591904401779175,0.7637737393379211,NOG-ZO__M-1__data_B_total-64__eta-9em05__smooth_B-1,"{""M"": 1, ""data_B_total"": 64, ""eta"": 9e-05, ""smooth_B"": 1}",7678,983040,a9a
NOG-ZO,NOG,865,865,865,8,y_bar,0.002,0.002,0.001,1,9e-05,1.4745545387268066,16.896048069000244,12,100012,200012,761845986,szo,110976,110976,13872,"[13872, 13872, 13872, 13872, 13872, 13872, 13872, 13872]",81920,867,867,0.7298755049705505,0.35593724250793457,0.002,0.7591904401779175,0.7637737393379211,NOG-ZO__M-1__data_B_total-64__eta-9em05__smooth_B-1,"{""M"": 1, ""data_B_total"": 64, ""eta"": 9e-05, ""smooth_B"": 1}",7678,983040,a9a
NOG-ZO,NOG,961,961,961,8,y_bar,0.002,0.002,0.001,1,9e-05,1.455650806427002,18.878310680389404,12,100012,200012,761845986,szo,123264,123264,15408,"[15408, 15408, 15408, 15408, 15408, 15408, 15408, 15408]",90112,963,963,0.699171781539917,0.35593724250793457,0.002,0.7591904401779175,0.7637737393379211,NOG-ZO__M-1__data_B_total-64__eta-9em05__smooth_B-1,"{""M"": 1, ""data_B_total"": 64, ""eta"": 9e-05, ""smooth_B"": 1}",7678,983040,a9a
NOG-ZO,NOG,1057,1057,1057,8,y_bar,0.002,0.002,0.001,1,9e-05,2.0331926345825195,20.683019638061523,12,100012,200012,761845986,szo,135552,135552,16944,"[16944, 16944, 16944, 16944, 16944, 16944, 16944, 16944]",98304,1059,1059,0.6692460179328918,0.35593724250793457,0.002,0.7591904401779175,0.7637737393379211,NOG-ZO__M-1__data_B_total-64__eta-9em05__smooth_B-1,"{""M"": 1, ""data_B_total"": 64, ""eta"": 9e-05, ""smooth_B"": 1}",7678,983040,a9a
NOG-ZO,NOG,1153,1153,1153,8,y_bar,0.002,0.002,0.001,1,9e-05,1.341821312904358,22.580155849456787,12,100012,200012,761845986,szo,147840,147840,18480,"[18480, 18480, 18480, 18480, 18480, 18480, 18480, 18480]",106496,1155,1155,0.6389734148979187,0.35593724250793457,0.002,0.7591904401779175,0.7637737393379211,NOG-ZO__M-1__data_B_total-64__eta-9em05__smooth_B-1,"{""M"": 1, ""data_B_total"": 64, ""eta"": 9e-05, ""smooth_B"": 1}",7678,983040,a9a
NOG-ZO,NOG,1249,1249,1249,8,y_bar,0.002,0.002,0.001,1,9e-05,1.1449624300003052,24.30208706855774,12,100012,200012,761845986,szo,160128,160128,20016,"[20016, 20016, 20016, 20016, 20016, 20016, 20016, 20016]",114688,1251,1251,0.608431339263916,0.35593724250793457,0.002,0.7591904401779175,0.7637737393379211,NOG-ZO__M-1__data_B_total-64__eta-9em05__smooth_B-1,"{""M"": 1, ""data_B_total"": 64, ""eta"": 9e-05, ""smooth_B"": 1}",7678,983040,a9a
NOG-ZO,NOG,1345,1345,1345,8,y_bar,0.002,0.002,0.001,1,9e-05,1.5446573495864868,26.264774322509766,12,100012,200012,761845986,szo,172416,172416,21552,"[21552, 21552, 21552, 21552, 21552, 21552, 21552, 21552]",122880,1347,1347,0.5776029825210571,0.35593724250793457,0.002,0.7591904401779175,0.7637737393379211,NOG-ZO__M-1__data_B_total-64__eta-9em05__smooth_B-1,"{""M"": 1, ""data_B_total"": 64, ""eta"": 9e-05, ""smooth_B"": 1}",7678,983040,a9a
NOG-ZO,NOG,1441,1441,1441,8,y_bar,0.002,0.002,0.001,1,9e-05,1.4797492027282715,28.099364042282104,12,100012,200012,761845986,szo,184704,184704,23088,"[23088, 23088, 23088, 23088, 23088, 23088, 23088, 23088]",131072,1443,1443,0.5477767586708069,0.3385826647281647,0.002,0.7591904401779175,0.7637737393379211,NOG-ZO__M-1__data_B_total-64__eta-9em05__smooth_B-1,"{""M"": 1, ""data_B_total"": 64, ""eta"": 9e-05, ""smooth_B"": 1}",7678,983040,a9a
NOG-ZO,NOG,1537,1537,1537,8,y_bar,0.002,0.002,0.001,1,9e-05,1.3889987468719482,29.97559952735901,12,100012,200012,761845986,szo,196992,196992,24624,"[24624, 24624, 24624, 24624, 24624, 24624, 24624, 24624]",139264,1539,1539,0.5207266211509705,0.2842736542224884,0.002,0.7591904401779175,0.7637737393379211,NOG-ZO__M-1__data_B_total-64__eta-9em05__smooth_B-1,"{""M"": 1, ""data_B_total"": 64, ""eta"": 9e-05, ""smooth_B"": 1}",7678,983040,a9a
NOG-ZO,NOG,1633,1633,1633,8,y_bar,0.002,0.002,0.001,1,9e-05,1.5546746253967285,31.863152503967285,12,100012,200012,761845986,szo,209280,209280,26160,"[26160, 26160, 26160, 26160, 26160, 26160, 26160, 26160]",147456,1635,1635,0.5013996958732605,0.1860184222459793,0.002,0.7591904401779175,0.7637737393379211,NOG-ZO__M-1__data_B_total-64__eta-9em05__smooth_B-1,"{""M"": 1, ""data_B_total"": 64, ""eta"": 9e-05, ""smooth_B"": 1}",7678,983040,a9a
NOG-ZO,NOG,1729,1729,1729,8,y_bar,0.002,0.002,0.001,1,9e-05,1.2147257328033447,33.66298770904541,12,100012,200012,761845986,szo,221568,221568,27696,"[27696, 27696, 27696, 27696, 27696, 27696, 27696, 27696]",155648,1731,1731,0.48967114090919495,0.11563709378242493,0.002,0.7591904401779175,0.7637737393379211,NOG-ZO__M-1__data_B_total-64__eta-9em05__smooth_B-1,"{""M"": 1, ""data_B_total"": 64, ""eta"": 9e-05, ""smooth_B"": 1}",7678,983040,a9a
NOG-ZO,NOG,1825,1825,1825,8,y_bar,0.002,0.002,0.001,1,9e-05,1.0921516418457031,35.48752021789551,12,100012,200012,761845986,szo,233856,233856,29232,"[29232, 29232, 29232, 29232, 29232, 29232, 29232, 29232]",163840,1827,1827,0.48347920179367065,0.06097675859928131,0.002,0.7591904401779175,0.7637737393379211,NOG-ZO__M-1__data_B_total-64__eta-9em05__smooth_B-1,"{""M"": 1, ""data_B_total"": 64, ""eta"": 9e-05, ""smooth_B"": 1}",7678,983040,a9a
NOG-ZO,NOG,1921,1921,1921,8,y_bar,0.002,0.002,0.001,1,9e-05,0.8946006894111633,37.36728525161743,12,100012,200012,761845986,szo,246144,246144,30768,"[30768, 30768, 30768, 30768, 30768, 30768, 30768, 30768]",172032,1923,1923,0.48114243149757385,0.045847658067941666,0.002,0.7591904401779175,0.7637737393379211,NOG-ZO__M-1__data_B_total-64__eta-9em05__smooth_B-1,"{""M"": 1, ""data_B_total"": 64, ""eta"": 9e-05, ""smooth_B"": 1}",7678,983040,a9a
NOG-ZO,NOG,2017,2017,2017,8,y_bar,0.002,0.002,0.001,1,9e-05,1.1680270433425903,39.18142223358154,12,100012,200012,761845986,szo,258432,258432,32304,"[32304, 32304, 32304, 32304, 32304, 32304, 32304, 32304]",180224,2019,2019,0.47928473353385925,0.04795023053884506,0.002,0.7591904401779175,0.7637737393379211,NOG-ZO__M-1__data_B_total-64__eta-9em05__smooth_B-1,"{""M"": 1, ""data_B_total"": 64, ""eta"": 9e-05, ""smooth_B"": 1}",7678,983040,a9a
NOG-ZO,NOG,2113,2113,2113,8,y_bar,0.002,0.002,0.001,1,9e-05,0.8917062878608704,40.9660120010376,12,100012,200012,761845986,szo,270720,270720,33840,"[33840, 33840, 33840, 33840, 33840, 33840, 33840, 33840]",188416,2115,2115,0.47739464044570923,0.05000496655702591,0.002,0.7591904401779175,0.7637737393379211,NOG-ZO__M-1__data_B_total-64__eta-9em05__smooth_B-1,"{""M"": 1, ""data_B_total"": 64, ""eta"": 9e-05, ""smooth_B"": 1}",7678,983040,a9a
NOG-ZO,NOG,2209,2209,2209,8,y_bar,0.002,0.002,0.001,1,9e-05,0.8351781964302063,42.66586184501648,12,100012,200012,761845986,szo,283008,283008,35376,"[35376, 35376, 35376, 35376, 35376, 35376, 35376, 35376]",196608,2211,2211,0.4749504327774048,0.045760929584503174,0.002,0.7591904401779175,0.7637737393379211,NOG-ZO__M-1__data_B_total-64__eta-9em05__smooth_B-1,"{""M"": 1, ""data_B_total"": 64, ""eta"": 9e-05, ""smooth_B"": 1}",7678,983040,a9a
NOG-ZO,NOG,2305,2305,2305,8,y_bar,0.002,0.002,0.001,1,9e-05,0.7025566101074219,44.373855113983154,12,100012,200012,761845986,szo,295296,295296,36912,"[36912, 36912, 36912, 36912, 36912, 36912, 36912, 36912]",204800,2307,2307,0.47231921553611755,0.038452841341495514,0.002,0.7591904401779175,0.7637737393379211,NOG-ZO__M-1__data_B_total-64__eta-9em05__smooth_B-1,"{""M"": 1, ""data_B_total"": 64, ""eta"": 9e-05, ""smooth_B"": 1}",7678,983040,a9a
NOG-ZO,NOG,2401,2401,2401,8,y_bar,0.002,0.002,0.001,1,9e-05,0.8995707035064697,46.185224294662476,12,100012,200012,761845986,szo,307584,307584,38448,"[38448, 38448, 38448, 38448, 38448, 38448, 38448, 38448]",212992,2403,2403,0.47024527192115784,0.032872579991817474,0.002,0.7591904401779175,0.7637737393379211,NOG-ZO__M-1__data_B_total-64__eta-9em05__smooth_B-1,"{""M"": 1, ""data_B_total"": 64, ""eta"": 9e-05, ""smooth_B"": 1}",7678,983040,a9a
NOG-ZO,NOG,2497,2497,2497,8,y_bar,0.002,0.002,0.001,1,9e-05,0.9855629205703735,48.09551477432251,12,100012,200012,761845986,szo,319872,319872,39984,"[39984, 39984, 39984, 39984, 39984, 39984, 39984, 39984]",221184,2499,2499,0.46873319149017334,0.033140793442726135,0.002,0.7591904401779175,0.7637737393379211,NOG-ZO__M-1__data_B_total-64__eta-9em05__smooth_B-1,"{""M"": 1, ""data_B_total"": 64, ""eta"": 9e-05, ""smooth_B"": 1}",7678,983040,a9a
NOG-ZO,NOG,2593,2593,2593,8,y_bar,0.002,0.002,0.001,1,9e-05,0.8634392619132996,49.863933801651,12,100012,200012,761845986,szo,332160,332160,41520,"[41520, 41520, 41520, 41520, 41520, 41520, 41520, 41520]",229376,2595,2595,0.46732568740844727,0.03323490917682648,0.002,0.7591904401779175,0.7637737393379211,NOG-ZO__M-1__data_B_total-64__eta-9em05__smooth_B-1,"{""M"": 1, ""data_B_total"": 64, ""eta"": 9e-05, ""smooth_B"": 1}",7678,983040,a9a
NOG-ZO,NOG,2689,2689,2689,8,y_bar,0.002,0.002,0.001,1,9e-05,0.8501088619232178,51.68433690071106,12,100012,200012,761845986,szo,344448,344448,43056,"[43056, 43056, 43056, 43056, 43056, 43056, 43056, 43056]",237568,2691,2691,0.46559491753578186,0.028971508145332336,0.002,0.7591904401779175,0.7637737393379211,NOG-ZO__M-1__data_B_total-64__eta-9em05__smooth_B-1,"{""M"": 1, ""data_B_total"": 64, ""eta"": 9e-05, ""smooth_B"": 1}",7678,983040,a9a
NOG-ZO,NOG,2785,2785,2785,8,y_bar,0.002,0.002,0.001,1,9e-05,0.943730890750885,53.49207329750061,12,100012,200012,761845986,szo,356736,356736,44592,"[44592, 44592, 44592, 44592, 44592, 44592, 44592, 44592]",245760,2787,2787,0.4643300771713257,0.028387201949954033,0.002,0.7591904401779175,0.7637737393379211,NOG-ZO__M-1__data_B_total-64__eta-9em05__smooth_B-1,"{""M"": 1, ""data_B_total"": 64, ""eta"": 9e-05, ""smooth_B"": 1}",7678,983040,a9a
NOG-ZO,NOG,2881,2881,2881,8,y_bar,0.002,0.002,0.001,1,9e-05,0.7420967221260071,55.37955069541931,12,100012,200012,761845986,szo,369024,369024,46128,"[46128, 46128, 46128, 46128, 46128, 46128, 46128, 46128]",253952,2883,2883,0.4631957709789276,0.028899721801280975,0.002,0.7591904401779175,0.7637737393379211,NOG-ZO__M-1__data_B_total-64__eta-9em05__smooth_B-1,"{""M"": 1, ""data_B_total"": 64, ""eta"": 9e-05, ""smooth_B"": 1}",7678,983040,a9a
NOG-ZO,NOG,2977,2977,2977,8,y_bar,0.002,0.002,0.001,1,9e-05,0.7925443053245544,57.26555848121643,12,100012,200012,761845986,szo,381312,381312,47664,"[47664, 47664, 47664, 47664, 47664, 47664, 47664, 47664]",262144,2979,2979,0.4619600772857666,0.026879440993070602,0.002,0.7591904401779175,0.7637737393379211,NOG-ZO__M-1__data_B_total-64__eta-9em05__smooth_B-1,"{""M"": 1, ""data_B_total"": 64, ""eta"": 9e-05, ""smooth_B"": 1}",7678,983040,a9a
NOG-ZO,NOG,3073,3073,3073,8,y_bar,0.002,0.002,0.001,1,9e-05,0.7629689574241638,59.099735498428345,12,100012,200012,761845986,szo,393600,393600,49200,"[49200, 49200, 49200, 49200, 49200, 49200, 49200, 49200]",270336,3075,3075,0.4607861340045929,0.027141209691762924,0.002,0.7591904401779175,0.7637737393379211,NOG-ZO__M-1__data_B_total-64__eta-9em05__smooth_B-1,"{""M"": 1, ""data_B_total"": 64, ""eta"": 9e-05, ""smooth_B"": 1}",7678,983040,a9a
NOG-ZO,NOG,3169,3169,3169,8,y_bar,0.002,0.002,0.001,1,9e-05,0.9640706181526184,61.000027894973755,12,100012,200012,761845986,szo,405888,405888,50736,"[50736, 50736, 50736, 50736, 50736, 50736, 50736, 50736]",278528,3171,3171,0.4597072899341583,0.02703024260699749,0.002,0.7591904401779175,0.7637737393379211,NOG-ZO__M-1__data_B_total-64__eta-9em05__smooth_B-1,"{""M"": 1, ""data_B_total"": 64, ""eta"": 9e-05, ""smooth_B"": 1}",7678,983040,a9a
NOG-ZO,NOG,3265,3265,3265,8,y_bar,0.002,0.002,0.001,1,9e-05,0.867073118686676,62.78614592552185,12,100012,200012,761845986,szo,418176,418176,52272,"[52272, 52272, 52272, 52272, 52272, 52272, 52272, 52272]",286720,3267,3267,0.45847469568252563,0.02723976969718933,0.002,0.7591904401779175,0.7637737393379211,NOG-ZO__M-1__data_B_total-64__eta-9em05__smooth_B-1,"{""M"": 1, ""data_B_total"": 64, ""eta"": 9e-05, ""smooth_B"": 1}",7678,983040,a9a
NOG-ZO,NOG,3361,3361,3361,8,y_bar,0.002,0.002,0.001,1,9e-05,0.958540678024292,64.69785118103027,12,100012,200012,761845986,szo,430464,430464,53808,"[53808, 53808, 53808, 53808, 53808, 53808, 53808, 53808]",294912,3363,3363,0.4570629894733429,0.02575320564210415,0.002,0.7591904401779175,0.7637737393379211,NOG-ZO__M-1__data_B_total-64__eta-9em05__smooth_B-1,"{""M"": 1, ""data_B_total"": 64, ""eta"": 9e-05, ""smooth_B"": 1}",7678,983040,a9a
NOG-ZO,NOG,3457,3457,3457,8,y_bar,0.002,0.002,0.001,1,9e-05,1.0654078722000122,66.58912467956543,12,100012,200012,761845986,szo,442752,442752,55344,"[55344, 55344, 55344, 55344, 55344, 55344, 55344, 55344]",303104,3459,3459,0.45602694153785706,0.025475958362221718,0.002,0.7591904401779175,0.7637737393379211,NOG-ZO__M-1__data_B_total-64__eta-9em05__smooth_B-1,"{""M"": 1, ""data_B_total"": 64, ""eta"": 9e-05, ""smooth_B"": 1}",7678,983040,a9a
NOG-ZO,NOG,3553,3553,3553,8,y_bar,0.002,0.002,0.001,1,9e-05,0.9461280703544617,68.3680694103241,12,100012,200012,761845986,szo,455040,455040,56880,"[56880, 56880, 56880, 56880, 56880, 56880, 56880, 56880]",311296,3555,3555,0.45510509610176086,0.026156848296523094,0.002,0.7592211365699768,0.7637737393379211,NOG-ZO__M-1__data_B_total-64__eta-9em05__smooth_B-1,"{""M"": 1, ""data_B_total"": 64, ""eta"": 9e-05, ""smooth_B"": 1}",7678,983040,a9a
NOG-ZO,NOG,3649,3649,3649,8,y_bar,0.002,0.002,0.001,1,9e-05,0.8302414417266846,70.17451620101929,12,100012,200012,761845986,szo,467328,467328,58416,"[58416, 58416, 58416, 58416, 58416, 58416, 58416, 58416]",319488,3651,3651,0.45427432656288147,0.027119729667901993,0.002,0.7592518925666809,0.7638351321220398,NOG-ZO__M-1__data_B_total-64__eta-9em05__smooth_B-1,"{""M"": 1, ""data_B_total"": 64, ""eta"": 9e-05, ""smooth_B"": 1}",7678,983040,a9a
NOG-ZO,NOG,3745,3745,3745,8,y_bar,0.002,0.002,0.001,1,9e-05,0.8770894408226013,71.96388649940491,12,100012,200012,761845986,szo,479616,479616,59952,"[59952, 59952, 59952, 59952, 59952, 59952, 59952, 59952]",327680,3747,3747,0.4535462558269501,0.027627093717455864,0.002,0.7592518925666809,0.7638965845108032,NOG-ZO__M-1__data_B_total-64__eta-9em05__smooth_B-1,"{""M"": 1, ""data_B_total"": 64, ""eta"": 9e-05, ""smooth_B"": 1}",7678,983040,a9a
NOG-ZO,NOG,3841,3841,3841,8,y_bar,0.002,0.002,0.001,1,9e-05,1.0231924057006836,73.80162954330444,12,100012,200012,761845986,szo,491904,491904,61488,"[61488, 61488, 61488, 61488, 61488, 61488, 61488, 61488]",335872,3843,3843,0.4527967572212219,0.029122991487383842,0.002,0.7592825889587402,0.7638965845108032,NOG-ZO__M-1__data_B_total-64__eta-9em05__smooth_B-1,"{""M"": 1, ""data_B_total"": 64, ""eta"": 9e-05, ""smooth_B"": 1}",7678,983040,a9a
NOG-ZO,NOG,3937,3937,3937,8,y_bar,0.002,0.002,0.001,1,9e-05,0.9727045297622681,75.60099148750305,12,100012,200012,761845986,szo,504192,504192,63024,"[63024, 63024, 63024, 63024, 63024, 63024, 63024, 63024]",344064,3939,3939,0.45205599069595337,0.03257926553487778,0.002,0.7592518925666809,0.7638965845108032,NOG-ZO__M-1__data_B_total-64__eta-9em05__smooth_B-1,"{""M"": 1, ""data_B_total"": 64, ""eta"": 9e-05, ""smooth_B"": 1}",7678,983040,a9a
NOG-ZO,NOG,4033,4033,4033,8,y_bar,0.002,0.002,0.001,1,9e-05,0.9949147701263428,77.49789333343506,12,100012,200012,761845986,szo,516480,516480,64560,"[64560, 64560, 64560, 64560, 64560, 64560, 64560, 64560]",352256,4035,4035,0.4511442482471466,0.031722746789455414,0.002,0.7593132853507996,0.7639579772949219,NOG-ZO__M-1__data_B_total-64__eta-9em05__smooth_B-1,"{""M"": 1, ""data_B_total"": 64, ""eta"": 9e-05, ""smooth_B"": 1}",7678,983040,a9a
NOG-ZO,NOG,4129,4129,4129,8,y_bar,0.002,0.002,0.001,1,9e-05,0.7639440298080444,79.36515617370605,12,100012,200012,761845986,szo,528768,528768,66096,"[66096, 66096, 66096, 66096, 66096, 66096, 66096, 66096]",360448,4131,4131,0.4502582848072052,0.029310615733265877,0.002,0.7594054341316223,0.764080822467804,NOG-ZO__M-1__data_B_total-64__eta-9em05__smooth_B-1,"{""M"": 1, ""data_B_total"": 64, ""eta"": 9e-05, ""smooth_B"": 1}",7678,983040,a9a
NOG-ZO,NOG,4225,4225,4225,8,y_bar,0.002,0.002,0.001,1,9e-05,1.0920411348342896,81.29376554489136,12,100012,200012,761845986,szo,541056,541056,67632,"[67632, 67632, 67632, 67632, 67632, 67632, 67632, 67632]",368640,4227,4227,0.44932347536087036,0.02499466761946678,0.002,0.7594975829124451,0.764203667640686,NOG-ZO__M-1__data_B_total-64__eta-9em05__smooth_B-1,"{""M"": 1, ""data_B_total"": 64, ""eta"": 9e-05, ""smooth_B"": 1}",7678,983040,a9a
NOG-ZO,NOG,4321,4321,4321,8,y_bar,0.002,0.002,0.001,1,9e-05,1.2491756677627563,83.09533762931824,12,100012,200012,761845986,szo,553344,553344,69168,"[69168, 69168, 69168, 69168, 69168, 69168, 69168, 69168]",376832,4323,4323,0.448390930891037,0.02400372363626957,0.002,0.7596511244773865,0.764203667640686,NOG-ZO__M-1__data_B_total-64__eta-9em05__smooth_B-1,"{""M"": 1, ""data_B_total"": 64, ""eta"": 9e-05, ""smooth_B"": 1}",7678,983040,a9a
NOG-ZO,NOG,4417,4417,4417,8,y_bar,0.002,0.002,0.001,1,9e-05,0.8593810796737671,85.00106549263,12,100012,200012,761845986,szo,565632,565632,70704,"[70704, 70704, 70704, 70704, 70704, 70704, 70704, 70704]",385024,4419,4419,0.4476209580898285,0.026401331648230553,0.002,0.7600196599960327,0.7643879652023315,NOG-ZO__M-1__data_B_total-64__eta-9em05__smooth_B-1,"{""M"": 1, ""data_B_total"": 64, ""eta"": 9e-05, ""smooth_B"": 1}",7678,983040,a9a
NOG-ZO,NOG,4513,4513,4513,8,y_bar,0.002,0.002,0.001,1,9e-05,1.0148659944534302,86.86968398094177,12,100012,200012,761845986,szo,577920,577920,72240,"[72240, 72240, 72240, 72240, 72240, 72240, 72240, 72240]",393216,4515,4515,0.4465252757072449,0.02545313537120819,0.002,0.7604495882987976,0.7649407386779785,NOG-ZO__M-1__data_B_total-64__eta-9em05__smooth_B-1,"{""M"": 1, ""data_B_total"": 64, ""eta"": 9e-05, ""smooth_B"": 1}",7678,983040,a9a
NOG-ZO,NOG,4609,4609,4609,8,y_bar,0.002,0.002,0.001,1,9e-05,1.0444616079330444,88.69017767906189,12,100012,200012,761845986,szo,590208,590208,73776,"[73776, 73776, 73776, 73776, 73776, 73776, 73776, 73776]",401408,4611,4611,0.44530078768730164,0.024013105779886246,0.002,0.7610638737678528,0.7655549645423889,NOG-ZO__M-1__data_B_total-64__eta-9em05__smooth_B-1,"{""M"": 1, ""data_B_total"": 64, ""eta"": 9e-05, ""smooth_B"": 1}",7678,983040,a9a
NOG-ZO,NOG,4705,4705,4705,8,y_bar,0.002,0.002,0.001,1,9e-05,0.7596574425697327,90.47636437416077,12,100012,200012,761845986,szo,602496,602496,75312,"[75312, 75312, 75312, 75312, 75312, 75312, 75312, 75312]",409600,4707,4707,0.4440877437591553,0.024265123531222343,0.002,0.7620773315429688,0.7662919759750366,NOG-ZO__M-1__data_B_total-64__eta-9em05__smooth_B-1,"{""M"": 1, ""data_B_total"": 64, ""eta"": 9e-05, ""smooth_B"": 1}",7678,983040,a9a
NOG-ZO,NOG,4801,4801,4801,8,y_bar,0.002,0.002,0.001,1,9e-05,0.9480664730072021,92.26484847068787,12,100012,200012,761845986,szo,614784,614784,76848,"[76848, 76848, 76848, 76848, 76848, 76848, 76848, 76848]",417792,4803,4803,0.4432356059551239,0.026497580111026764,0.002,0.7633057832717896,0.7672133445739746,NOG-ZO__M-1__data_B_total-64__eta-9em05__smooth_B-1,"{""M"": 1, ""data_B_total"": 64, ""eta"": 9e-05, ""smooth_B"": 1}",7678,983040,a9a
NOG-ZO,NOG,4897,4897,4897,8,y_bar,0.002,0.002,0.001,1,9e-05,0.7481949329376221,94.06362414360046,12,100012,200012,761845986,szo,627072,627072,78384,"[78384, 78384, 78384, 78384, 78384, 78384, 78384, 78384]",425984,4899,4899,0.44245293736457825,0.029528997838497162,0.002,0.7646263837814331,0.7680732011795044,NOG-ZO__M-1__data_B_total-64__eta-9em05__smooth_B-1,"{""M"": 1, ""data_B_total"": 64, ""eta"": 9e-05, ""smooth_B"": 1}",7678,983040,a9a
NOG-ZO,NOG,4993,4993,4993,8,y_bar,0.002,0.002,0.001,1,9e-05,0.9817636609077454,95.87843108177185,12,100012,200012,761845986,szo,639360,639360,79920,"[79920, 79920, 79920, 79920, 79920, 79920, 79920, 79920]",434176,4995,4995,0.44141584634780884,0.026342744007706642,0.002,0.7661926746368408,0.7692402005195618,NOG-ZO__M-1__data_B_total-64__eta-9em05__smooth_B-1,"{""M"": 1, ""data_B_total"": 64, ""eta"": 9e-05, ""smooth_B"": 1}",7678,983040,a9a
NOG-ZO,NOG,5089,5089,5089,8,y_bar,0.002,0.002,0.001,1,9e-05,1.2700973749160767,97.77668762207031,12,100012,200012,761845986,szo,651648,651648,81456,"[81456, 81456, 81456, 81456, 81456, 81456, 81456, 81456]",442368,5091,5091,0.4405512511730194,0.023817002773284912,0.002,0.7681581974029541,0.7708371877670288,NOG-ZO__M-1__data_B_total-64__eta-9em05__smooth_B-1,"{""M"": 1, ""data_B_total"": 64, ""eta"": 9e-05, ""smooth_B"": 1}",7678,983040,a9a
NOG-ZO,NOG,5185,5185,5185,8,y_bar,0.002,0.002,0.001,1,9e-05,0.7400239109992981,99.58824062347412,12,100012,200012,761845986,szo,663936,663936,82992,"[82992, 82992, 82992, 82992, 82992, 82992, 82992, 82992]",450560,5187,5187,0.4397332966327667,0.023831523954868317,0.002,0.7700930833816528,0.7728641033172607,NOG-ZO__M-1__data_B_total-64__eta-9em05__smooth_B-1,"{""M"": 1, ""data_B_total"": 64, ""eta"": 9e-05, ""smooth_B"": 1}",7678,983040,a9a
NOG-ZO,NOG,5281,5281,5281,8,y_bar,0.002,0.002,0.001,1,9e-05,0.8456830382347107,101.37354755401611,12,100012,200012,761845986,szo,676224,676224,84528,"[84528, 84528, 84528, 84528, 84528, 84528, 84528, 84528]",458752,5283,5283,0.43923425674438477,0.026098772883415222,0.002,0.7719050645828247,0.7751981019973755,NOG-ZO__M-1__data_B_total-64__eta-9em05__smooth_B-1,"{""M"": 1, ""data_B_total"": 64, ""eta"": 9e-05, ""smooth_B"": 1}",7678,983040,a9a
NOG-ZO,NOG,5377,5377,5377,8,y_bar,0.002,0.002,0.001,1,9e-05,0.9770580530166626,103.1893208026886,12,100012,200012,761845986,szo,688512,688512,86064,"[86064, 86064, 86064, 86064, 86064, 86064, 86064, 86064]",466944,5379,5379,0.4386956989765167,0.02760329470038414,0.002,0.7734405994415283,0.7773478031158447,NOG-ZO__M-1__data_B_total-64__eta-9em05__smooth_B-1,"{""M"": 1, ""data_B_total"": 64, ""eta"": 9e-05, ""smooth_B"": 1}",7678,983040,a9a
NOG-ZO,NOG,5473,5473,5473,8,y_bar,0.002,0.002,0.001,1,9e-05,0.7751564979553223,104.98119401931763,12,100012,200012,761845986,szo,700800,700800,87600,"[87600, 87600, 87600, 87600, 87600, 87600, 87600, 87600]",475136,5475,5475,0.43775036931037903,0.024225840345025063,0.002,0.7735020518302917,0.7774092555046082,NOG-ZO__M-1__data_B_total-64__eta-9em05__smooth_B-1,"{""M"": 1, ""data_B_total"": 64, ""eta"": 9e-05, ""smooth_B"": 1}",7678,983040,a9a
NOG-ZO,NOG,5569,5569,5569,8,y_bar,0.002,0.002,0.001,1,9e-05,0.9478623867034912,106.78960609436035,12,100012,200012,761845986,szo,713088,713088,89136,"[89136, 89136, 89136, 89136, 89136, 89136, 89136, 89136]",483328,5571,5571,0.4368809759616852,0.023569857701659203,0.002,0.7736862897872925,0.7780234813690186,NOG-ZO__M-1__data_B_total-64__eta-9em05__smooth_B-1,"{""M"": 1, ""data_B_total"": 64, ""eta"": 9e-05, ""smooth_B"": 1}",7678,983040,a9a
NOG-ZO,NOG,5665,5665,5665,8,y_bar,0.002,0.002,0.001,1,9e-05,0.948934018611908,108.50164270401001,12,100012,200012,761845986,szo,725376,725376,90672,"[90672, 90672, 90672, 90672, 90672, 90672, 90672, 90672]",491520,5667,5667,0.43614622950553894,0.02445037290453911,0.002,0.7743926644325256,0.7784534096717834,NOG-ZO__M-1__data_B_total-64__eta-9em05__smooth_B-1,"{""M"": 1, ""data_B_total"": 64, ""eta"": 9e-05, ""smooth_B"": 1}",7678,983040,a9a
NOG-ZO,NOG,5761,5761,5761,8,y_bar,0.002,0.002,0.001,1,9e-05,0.8497154712677002,110.30143618583679,12,100012,200012,761845986,szo,737664,737664,92208,"[92208, 92208, 92208, 92208, 92208, 92208, 92208, 92208]",499712,5763,5763,0.43536800146102905,0.02520189993083477,0.002,0.7752218842506409,0.7792518734931946,NOG-ZO__M-1__data_B_total-64__eta-9em05__smooth_B-1,"{""M"": 1, ""data_B_total"": 64, ""eta"": 9e-05, ""smooth_B"": 1}",7678,983040,a9a
NOG-ZO,NOG,5857,5857,5857,8,y_bar,0.002,0.002,0.001,1,9e-05,0.7831034064292908,112.18000745773315,12,100012,200012,761845986,szo,749952,749952,93744,"[93744, 93744, 93744, 93744, 93744, 93744, 93744, 93744]",507904,5859,5859,0.43464142084121704,0.027664249762892723,0.002,0.7755597233772278,0.7795590162277222,NOG-ZO__M-1__data_B_total-64__eta-9em05__smooth_B-1,"{""M"": 1, ""data_B_total"": 64, ""eta"": 9e-05, ""smooth_B"": 1}",7678,983040,a9a
NOG-ZO,NOG,5953,5953,5953,8,y_bar,0.002,0.002,0.001,1,9e-05,0.8683555126190186,114.00140404701233,12,100012,200012,761845986,szo,762240,762240,95280,"[95280, 95280, 95280, 95280, 95280, 95280, 95280, 95280]",516096,5955,5955,0.4339003264904022,0.029500305652618408,0.002,0.7762046456336975,0.7804803252220154,NOG-ZO__M-1__data_B_total-64__eta-9em05__smooth_B-1,"{""M"": 1, ""data_B_total"": 64, ""eta"": 9e-05, ""smooth_B"": 1}",7678,983040,a9a
NOG-ZO,NOG,6049,6049,6049,8,y_bar,0.002,0.002,0.001,1,9e-05,0.9662227034568787,115.87001299858093,12,100012,200012,761845986,szo,774528,774528,96816,"[96816, 96816, 96816, 96816, 96816, 96816, 96816, 96816]",524288,6051,6051,0.43295228481292725,0.028568629175424576,0.002,0.7773717045783997,0.7822615504264832,NOG-ZO__M-1__data_B_total-64__eta-9em05__smooth_B-1,"{""M"": 1, ""data_B_total"": 64, ""eta"": 9e-05, ""smooth_B"": 1}",7678,983040,a9a
NOG-ZO,NOG,6145,6145,6145,8,y_bar,0.002,0.002,0.001,1,9e-05,1.1302813291549683,117.77182102203369,12,100012,200012,761845986,szo,786816,786816,98352,"[98352, 98352, 98352, 98352, 98352, 98352, 98352, 98352]",532480,6147,6147,0.43197309970855713,0.027604343369603157,0.002,0.778876543045044,0.7834899425506592,NOG-ZO__M-1__data_B_total-64__eta-9em05__smooth_B-1,"{""M"": 1, ""data_B_total"": 64, ""eta"": 9e-05, ""smooth_B"": 1}",7678,983040,a9a
NOG-ZO,NOG,6241,6241,6241,8,y_bar,0.002,0.002,0.001,1,9e-05,0.7007197737693787,119.58153343200684,12,100012,200012,761845986,szo,799104,799104,99888,"[99888, 99888, 99888, 99888, 99888, 99888, 99888, 99888]",540672,6243,6243,0.43094855546951294,0.025126244872808456,0.002,0.7807192802429199,0.7850869297981262,NOG-ZO__M-1__data_B_total-64__eta-9em05__smooth_B-1,"{""M"": 1, ""data_B_total"": 64, ""eta"": 9e-05, ""smooth_B"": 1}",7678,983040,a9a
NOG-ZO,NOG,6337,6337,6337,8,y_bar,0.002,0.002,0.001,1,9e-05,0.9425015449523926,121.46292161941528,12,100012,200012,761845986,szo,811392,811392,101424,"[101424, 101424, 101424, 101424, 101424, 101424, 101424, 101424]",548864,6339,6339,0.4300578236579895,0.023332450538873672,0.002,0.7819170355796814,0.7867453098297119,NOG-ZO__M-1__data_B_total-64__eta-9em05__smooth_B-1,"{""M"": 1, ""data_B_total"": 64, ""eta"": 9e-05, ""smooth_B"": 1}",7678,983040,a9a
NOG-ZO,NOG,6433,6433,6433,8,y_bar,0.002,0.002,0.001,1,9e-05,0.719804584980011,123.26848435401917,12,100012,200012,761845986,szo,823680,823680,102960,"[102960, 102960, 102960, 102960, 102960, 102960, 102960, 102960]",557056,6435,6435,0.4292426109313965,0.0231925118714571,0.002,0.7840360999107361,0.7878508567810059,NOG-ZO__M-1__data_B_total-64__eta-9em05__smooth_B-1,"{""M"": 1, ""data_B_total"": 64, ""eta"": 9e-05, ""smooth_B"": 1}",7678,983040,a9a
NOG-ZO,NOG,6529,6529,6529,8,y_bar,0.002,0.002,0.001,1,9e-05,0.721988320350647,125.0908133983612,12,100012,200012,761845986,szo,835968,835968,104496,"[104496, 104496, 104496, 104496, 104496, 104496, 104496, 104496]",565248,6531,6531,0.42827242612838745,0.02377997152507305,0.002,0.7850496172904968,0.7891407012939453,NOG-ZO__M-1__data_B_total-64__eta-9em05__smooth_B-1,"{""M"": 1, ""data_B_total"": 64, ""eta"": 9e-05, ""smooth_B"": 1}",7678,983040,a9a
NOG-ZO,NOG,6625,6625,6625,8,y_bar,0.002,0.002,0.001,1,9e-05,0.8211464285850525,126.97694659233093,12,100012,200012,761845986,szo,848256,848256,106032,"[106032, 106032, 106032, 106032, 106032, 106032, 106032, 106032]",573440,6627,6627,0.42733335494995117,0.024809380993247032,0.002,0.7869844436645508,0.7909219264984131,NOG-ZO__M-1__data_B_total-64__eta-9em05__smooth_B-1,"{""M"": 1, ""data_B_total"": 64, ""eta"": 9e-05, ""smooth_B"": 1}",7678,983040,a9a
NOG-ZO,NOG,6721,6721,6721,8,y_bar,0.002,0.002,0.001,1,9e-05,0.9851467609405518,128.76716303825378,12,100012,200012,761845986,szo,860544,860544,107568,"[107568, 107568, 107568, 107568, 107568, 107568, 107568, 107568]",581632,6723,6723,0.4262518584728241,0.024970320984721184,0.002,0.7887964248657227,0.792273223400116,NOG-ZO__M-1__data_B_total-64__eta-9em05__smooth_B-1,"{""M"": 1, ""data_B_total"": 64, ""eta"": 9e-05, ""smooth_B"": 1}",7678,983040,a9a
NOG-ZO,NOG,6817,6817,6817,8,y_bar,0.002,0.002,0.001,1,9e-05,1.0216023921966553,130.5894811153412,12,100012,200012,761845986,szo,872832,872832,109104,"[109104, 109104, 109104, 109104, 109104, 109104, 109104, 109104]",589824,6819,6819,0.4249807298183441,0.02321622706949711,0.002,0.789287805557251,0.7928259968757629,NOG-ZO__M-1__data_B_total-64__eta-9em05__smooth_B-1,"{""M"": 1, ""data_B_total"": 64, ""eta"": 9e-05, ""smooth_B"": 1}",7678,983040,a9a
NOG-ZO,NOG,6913,6913,6913,8,y_bar,0.002,0.002,0.001,1,9e-05,0.994143009185791,132.46610927581787,12,100012,200012,761845986,szo,885120,885120,110640,"[110640, 110640, 110640, 110640, 110640, 110640, 110640, 110640]",598016,6915,6915,0.42379188537597656,0.02267744019627571,0.002,0.7900248765945435,0.7930102348327637,NOG-ZO__M-1__data_B_total-64__eta-9em05__smooth_B-1,"{""M"": 1, ""data_B_total"": 64, ""eta"": 9e-05, ""smooth_B"": 1}",7678,983040,a9a
NOG-ZO,NOG,7009,7009,7009,8,y_bar,0.002,0.002,0.001,1,9e-05,1.4075515270233154,134.29889726638794,12,100012,200012,761845986,szo,897408,897408,112176,"[112176, 112176, 112176, 112176, 112176, 112176, 112176, 112176]",606208,7011,7011,0.4228570759296417,0.022761117666959763,0.002,0.7906697988510132,0.7938701510429382,NOG-ZO__M-1__data_B_total-64__eta-9em05__smooth_B-1,"{""M"": 1, ""data_B_total"": 64, ""eta"": 9e-05, ""smooth_B"": 1}",7678,983040,a9a
NOG-ZO,NOG,7105,7105,7105,8,y_bar,0.002,0.002,0.001,1,9e-05,0.9870642423629761,136.16874504089355,12,100012,200012,761845986,szo,909696,909696,113712,"[113712, 113712, 113712, 113712, 113712, 113712, 113712, 113712]",614400,7107,7107,0.42204707860946655,0.02359059266746044,0.002,0.7909462451934814,0.7939316034317017,NOG-ZO__M-1__data_B_total-64__eta-9em05__smooth_B-1,"{""M"": 1, ""data_B_total"": 64, ""eta"": 9e-05, ""smooth_B"": 1}",7678,983040,a9a
NOG-ZO,NOG,7201,7201,7201,8,y_bar,0.002,0.002,0.001,1,9e-05,0.8426147103309631,137.99783039093018,12,100012,200012,761845986,szo,921984,921984,115248,"[115248, 115248, 115248, 115248, 115248, 115248, 115248, 115248]",622592,7203,7203,0.4210784137248993,0.023162614554166794,0.002,0.7922360897064209,0.7960813045501709,NOG-ZO__M-1__data_B_total-64__eta-9em05__smooth_B-1,"{""M"": 1, ""data_B_total"": 64, ""eta"": 9e-05, ""smooth_B"": 1}",7678,983040,a9a
NOG-ZO,NOG,7297,7297,7297,8,y_bar,0.002,0.002,0.001,1,9e-05,0.9632766842842102,139.86279153823853,12,100012,200012,761845986,szo,934272,934272,116784,"[116784, 116784, 116784, 116784, 116784, 116784, 116784, 116784]",630784,7299,7299,0.42024314403533936,0.023170500993728638,0.002,0.7935566902160645,0.7971869111061096,NOG-ZO__M-1__data_B_total-64__eta-9em05__smooth_B-1,"{""M"": 1, ""data_B_total"": 64, ""eta"": 9e-05, ""smooth_B"": 1}",7678,983040,a9a
NOG-ZO,NOG,7393,7393,7393,8,y_bar,0.002,0.002,0.001,1,9e-05,1.0727016925811768,141.66830825805664,12,100012,200012,761845986,szo,946560,946560,118320,"[118320, 118320, 118320, 118320, 118320, 118320, 118320, 118320]",638976,7395,7395,0.4193629324436188,0.022616324946284294,0.002,0.7942937612533569,0.7984767556190491,NOG-ZO__M-1__data_B_total-64__eta-9em05__smooth_B-1,"{""M"": 1, ""data_B_total"": 64, ""eta"": 9e-05, ""smooth_B"": 1}",7678,983040,a9a
NOG-ZO,NOG,7489,7489,7489,8,y_bar,0.002,0.002,0.001,1,9e-05,1.0833746194839478,144.0026171207428,12,100012,200012,761845986,szo,958848,958848,119856,"[119856, 119856, 119856, 119856, 119856, 119856, 119856, 119856]",647168,7491,7491,0.4186328053474426,0.022213339805603027,0.002,0.7959828972816467,0.8003193736076355,NOG-ZO__M-1__data_B_total-64__eta-9em05__smooth_B-1,"{""M"": 1, ""data_B_total"": 64, ""eta"": 9e-05, ""smooth_B"": 1}",7678,983040,a9a
NOG-ZO,NOG,7585,7585,7585,8,y_bar,0.002,0.002,0.001,1,9e-05,1.032874345779419,145.97576999664307,12,100012,200012,761845986,szo,971136,971136,121392,"[121392, 121392, 121392, 121392, 121392, 121392, 121392, 121392]",655360,7587,7587,0.4179372787475586,0.022243967279791832,0.002,0.7969657182693481,0.8012406826019287,NOG-ZO__M-1__data_B_total-64__eta-9em05__smooth_B-1,"{""M"": 1, ""data_B_total"": 64, ""eta"": 9e-05, ""smooth_B"": 1}",7678,983040,a9a
NOG-ZO,NOG,7678,7678,7678,8,y_bar,0.002,0.002,0.001,1,9e-05,0.8201644420623779,147.802237033844,12,100012,200012,761845986,szo,983040,983040,122880,"[122880, 122880, 122880, 122880, 122880, 122880, 122880, 122880]",663552,7680,7680,0.41729220747947693,0.022276801988482475,0.002,0.7977641820907593,0.8022848963737488,NOG-ZO__M-1__data_B_total-64__eta-9em05__smooth_B-1,"{""M"": 1, ""data_B_total"": 64, ""eta"": 9e-05, ""smooth_B"": 1}",7678,983040,a9a
NOG-ZO,NOG,0,0,0,8,x0_exact,0.002,0.002,0.001,1,0.0001,,0.0,12,100012,200012,761845986,szo,0,0,0,"[0, 0, 0, 0, 0, 0, 0, 0]",8192,0,0,1.0,0.3070741593837738,0.002,0.09707941859960556,0.09500441700220108,NOG-ZO__M-1__data_B_total-64__eta-0p0001__smooth_B-1,"{""M"": 1, ""data_B_total"": 64, ""eta"": 0.0001, ""smooth_B"": 1}",7678,983040,ijcnn1
NOG-ZO,NOG,1,1,1,8,y_bar,0.002,0.002,0.001,1,0.0001,0.5488621592521667,0.1734466552734375,12,100012,200012,761845986,szo,384,384,48,"[48, 48, 48, 48, 48, 48, 48, 48]",8192,3,3,0.9999971985816956,0.3070741593837738,0.002,0.6589518189430237,0.6389243006706238,NOG-ZO__M-1__data_B_total-64__eta-0p0001__smooth_B-1,"{""M"": 1, ""data_B_total"": 64, ""eta"": 0.0001, ""smooth_B"": 1}",7678,983040,ijcnn1
NOG-ZO,NOG,97,97,97,8,y_bar,0.002,0.002,0.001,1,0.0001,0.6707355976104736,1.8095839023590088,12,100012,200012,761845986,szo,12672,12672,1584,"[1584, 1584, 1584, 1584, 1584, 1584, 1584, 1584]",16384,99,99,0.9765489101409912,0.3070741593837738,0.002,0.9029206037521362,0.9049955606460571,NOG-ZO__M-1__data_B_total-64__eta-0p0001__smooth_B-1,"{""M"": 1, ""data_B_total"": 64, ""eta"": 0.0001, ""smooth_B"": 1}",7678,983040,ijcnn1
NOG-ZO,NOG,193,193,193,8,y_bar,0.002,0.002,0.001,1,0.0001,0.5204997658729553,3.496067523956299,12,100012,200012,761845986,szo,24960,24960,3120,"[3120, 3120, 3120, 3120, 3120, 3120, 3120, 3120]",24576,195,195,0.9482901096343994,0.3070741593837738,0.002,0.9029206037521362,0.9049955606460571,NOG-ZO__M-1__data_B_total-64__eta-0p0001__smooth_B-1,"{""M"": 1, ""data_B_total"": 64, ""eta"": 0.0001, ""smooth_B"": 1}",7678,983040,ijcnn1
NOG-ZO,NOG,289,289,289,8,y_bar,0.002,0.002,0.001,1,0.0001,0.6658719778060913,5.182499170303345,12,100012,200012,761845986,szo,37248,37248,4656,"[4656, 4656, 4656, 4656, 4656, 4656, 4656, 4656]",32768,291,291,0.9201352000236511,0.3070741593837738,0.002,0.9029206037521362,0.9049955606460571,NOG-ZO__M-1__data_B_total-64__eta-0p0001__smooth_B-1,"{""M"": 1, ""data_B_total"": 64, ""eta"": 0.0001, ""smooth_B"": 1}",7678,983040,ijcnn1
NOG-ZO,NOG,385,385,385,8,y_bar,0.002,0.002,0.001,1,0.0001,0.7323546409606934,6.799542665481567,12,100012,200012,761845986,szo,49536,49536,6192,"[6192, 6192, 6192, 6192, 6192, 6192, 6192, 6192]",40960,387,387,0.891491174697876,0.3070741593837738,0.002,0.9029206037521362,0.9049955606460571,NOG-ZO__M-1__data_B_total-64__eta-0p0001__smooth_B-1,"{""M"": 1, ""data_B_total"": 64, ""eta"": 0.0001, ""smooth_B"": 1}",7678,983040,ijcnn1
NOG-ZO,NOG,481,481,481,8,y_bar,0.002,0.002,0.001,1,0.0001,0.6213386654853821,8.486076593399048,12,100012,200012,761845986,szo,61824,61824,7728,"[7728, 7728, 7728, 7728, 7728, 7728, 7728, 7728]",49152,483,483,0.8634970188140869,0.3070741593837738,0.002,0.9029206037521362,0.9049955606460571,NOG-ZO__M-1__data_B_total-64__eta-0p0001__smooth_B-1,"{""M"": 1, ""data_B_total"": 64, ""eta"": 0.0001, ""smooth_B"": 1}",7678,983040,ijcnn1
NOG-ZO,NOG,577,577,577,8,y_bar,0.002,0.002,0.001,1,0.0001,0.7328353524208069,10.301402807235718,12,100012,200012,761845986,szo,74112,74112,9264,"[9264, 9264, 9264, 9264, 9264, 9264, 9264, 9264]",57344,579,579,0.8350897431373596,0.3070741593837738,0.002,0.9029206037521362,0.9049955606460571,NOG-ZO__M-1__data_B_total-64__eta-0p0001__smooth_B-1,"{""M"": 1, ""data_B_total"": 64, ""eta"": 0.0001, ""smooth_B"": 1}",7678,983040,ijcnn1
NOG-ZO,NOG,673,673,673,8,y_bar,0.002,0.002,0.001,1,0.0001,0.6982232928276062,12.00135612487793,12,100012,200012,761845986,szo,86400,86400,10800,"[10800, 10800, 10800, 10800, 10800, 10800, 10800, 10800]",65536,675,675,0.8068689703941345,0.3070741593837738,0.002,0.9029206037521362,0.9049955606460571,NOG-ZO__M-1__data_B_total-64__eta-0p0001__smooth_B-1,"{""M"": 1, ""data_B_total"": 64, ""eta"": 0.0001, ""smooth_B"": 1}",7678,983040,ijcnn1
NOG-ZO,NOG,769,769,769,8,y_bar,0.002,0.002,0.001,1,0.0001,0.7494465708732605,13.690513849258423,12,100012,200012,761845986,szo,98688,98688,12336,"[12336, 12336, 12336, 12336, 12336, 12336, 12336, 12336]",73728,771,771,0.7783308029174805,0.3070741593837738,0.002,0.9029206037521362,0.9049955606460571,NOG-ZO__M-1__data_B_total-64__eta-0p0001__smooth_B-1,"{""M"": 1, ""data_B_total"": 64, ""eta"": 0.0001, ""smooth_B"": 1}",7678,983040,ijcnn1
NOG-ZO,NOG,865,865,865,8,y_bar,0.002,0.002,0.001,1,0.0001,0.4616568386554718,15.402087450027466,12,100012,200012,761845986,szo,110976,110976,13872,"[13872, 13872, 13872, 13872, 13872, 13872, 13872, 13872]",81920,867,867,0.7500213384628296,0.3070741593837738,0.002,0.9029206037521362,0.9049955606460571,NOG-ZO__M-1__data_B_total-64__eta-0p0001__smooth_B-1,"{""M"": 1, ""data_B_total"": 64, ""eta"": 0.0001, ""smooth_B"": 1}",7678,983040,ijcnn1
NOG-ZO,NOG,961,961,961,8,y_bar,0.002,0.002,0.001,1,0.0001,0.6035197973251343,17.099119424819946,12,100012,200012,761845986,szo,123264,123264,15408,"[15408, 15408, 15408, 15408, 15408, 15408, 15408, 15408]",90112,963,963,0.7216494679450989,0.3070741593837738,0.002,0.9029206037521362,0.9049955606460571,NOG-ZO__M-1__data_B_total-64__eta-0p0001__smooth_B-1,"{""M"": 1, ""data_B_total"": 64, ""eta"": 0.0001, ""smooth_B"": 1}",7678,983040,ijcnn1
NOG-ZO,NOG,1057,1057,1057,8,y_bar,0.002,0.002,0.001,1,0.0001,0.6862794160842896,18.797518014907837,12,100012,200012,761845986,szo,135552,135552,16944,"[16944, 16944, 16944, 16944, 16944, 16944, 16944, 16944]",98304,1059,1059,0.6937499046325684,0.3070741593837738,0.002,0.9029206037521362,0.9049955606460571,NOG-ZO__M-1__data_B_total-64__eta-0p0001__smooth_B-1,"{""M"": 1, ""data_B_total"": 64, ""eta"": 0.0001, ""smooth_B"": 1}",7678,983040,ijcnn1
NOG-ZO,NOG,1153,1153,1153,8,y_bar,0.002,0.002,0.001,1,0.0001,0.7563619017601013,20.392091035842896,12,100012,200012,761845986,szo,147840,147840,18480,"[18480, 18480, 18480, 18480, 18480, 18480, 18480, 18480]",106496,1155,1155,0.66547030210495,0.3070741593837738,0.002,0.9029206037521362,0.9049955606460571,NOG-ZO__M-1__data_B_total-64__eta-0p0001__smooth_B-1,"{""M"": 1, ""data_B_total"": 64, ""eta"": 0.0001, ""smooth_B"": 1}",7678,983040,ijcnn1
NOG-ZO,NOG,1249,1249,1249,8,y_bar,0.002,0.002,0.001,1,0.0001,0.6028648018836975,22.09158420562744,12,100012,200012,761845986,szo,160128,160128,20016,"[20016, 20016, 20016, 20016, 20016, 20016, 20016, 20016]",114688,1251,1251,0.6372910737991333,0.3070741593837738,0.002,0.9029206037521362,0.9049955606460571,NOG-ZO__M-1__data_B_total-64__eta-0p0001__smooth_B-1,"{""M"": 1, ""data_B_total"": 64, ""eta"": 0.0001, ""smooth_B"": 1}",7678,983040,ijcnn1
NOG-ZO,NOG,1345,1345,1345,8,y_bar,0.002,0.002,0.001,1,0.0001,0.5050873756408691,23.70901870727539,12,100012,200012,761845986,szo,172416,172416,21552,"[21552, 21552, 21552, 21552, 21552, 21552, 21552, 21552]",122880,1347,1347,0.6088593602180481,0.3070741593837738,0.002,0.9029206037521362,0.9049955606460571,NOG-ZO__M-1__data_B_total-64__eta-0p0001__smooth_B-1,"{""M"": 1, ""data_B_total"": 64, ""eta"": 0.0001, ""smooth_B"": 1}",7678,983040,ijcnn1
NOG-ZO,NOG,1441,1441,1441,8,y_bar,0.002,0.002,0.001,1,0.0001,0.7318223714828491,25.4072904586792,12,100012,200012,761845986,szo,184704,184704,23088,"[23088, 23088, 23088, 23088, 23088, 23088, 23088, 23088]",131072,1443,1443,0.5806897878646851,0.3070741593837738,0.002,0.9029206037521362,0.9049955606460571,NOG-ZO__M-1__data_B_total-64__eta-0p0001__smooth_B-1,"{""M"": 1, ""data_B_total"": 64, ""eta"": 0.0001, ""smooth_B"": 1}",7678,983040,ijcnn1
NOG-ZO,NOG,1537,1537,1537,8,y_bar,0.002,0.002,0.001,1,0.0001,0.8167335391044617,27.10100531578064,12,100012,200012,761845986,szo,196992,196992,24624,"[24624, 24624, 24624, 24624, 24624, 24624, 24624, 24624]",139264,1539,1539,0.5521663427352905,0.3070741593837738,0.002,0.9029206037521362,0.9049955606460571,NOG-ZO__M-1__data_B_total-64__eta-0p0001__smooth_B-1,"{""M"": 1, ""data_B_total"": 64, ""eta"": 0.0001, ""smooth_B"": 1}",7678,983040,ijcnn1
NOG-ZO,NOG,1633,1633,1633,8,y_bar,0.002,0.002,0.001,1,0.0001,0.6877774596214294,28.77688503265381,12,100012,200012,761845986,szo,209280,209280,26160,"[26160, 26160, 26160, 26160, 26160, 26160, 26160, 26160]",147456,1635,1635,0.5242230296134949,0.3070741593837738,0.002,0.9029206037521362,0.9049955606460571,NOG-ZO__M-1__data_B_total-64__eta-0p0001__smooth_B-1,"{""M"": 1, ""data_B_total"": 64, ""eta"": 0.0001, ""smooth_B"": 1}",7678,983040,ijcnn1
NOG-ZO,NOG,1729,1729,1729,8,y_bar,0.002,0.002,0.001,1,0.0001,0.7501195073127747,30.397813081741333,12,100012,200012,761845986,szo,221568,221568,27696,"[27696, 27696, 27696, 27696, 27696, 27696, 27696, 27696]",155648,1731,1731,0.4958883821964264,0.3070741593837738,0.002,0.9029206037521362,0.9049955606460571,NOG-ZO__M-1__data_B_total-64__eta-0p0001__smooth_B-1,"{""M"": 1, ""data_B_total"": 64, ""eta"": 0.0001, ""smooth_B"": 1}",7678,983040,ijcnn1
NOG-ZO,NOG,1825,1825,1825,8,y_bar,0.002,0.002,0.001,1,0.0001,0.7395224571228027,31.994181156158447,12,100012,200012,761845986,szo,233856,233856,29232,"[29232, 29232, 29232, 29232, 29232, 29232, 29232, 29232]",163840,1827,1827,0.46762773394584656,0.29768332839012146,0.002,0.9029206037521362,0.9049955606460571,NOG-ZO__M-1__data_B_total-64__eta-0p0001__smooth_B-1,"{""M"": 1, ""data_B_total"": 64, ""eta"": 0.0001, ""smooth_B"": 1}",7678,983040,ijcnn1
NOG-ZO,NOG,1921,1921,1921,8,y_bar,0.002,0.002,0.001,1,0.0001,0.5938290953636169,33.68513035774231,12,100012,200012,761845986,szo,246144,246144,30768,"[30768, 30768, 30768, 30768, 30768, 30768, 30768, 30768]",172032,1923,1923,0.4409841299057007,0.27946147322654724,0.002,0.9029206037521362,0.9049955606460571,NOG-ZO__M-1__data_B_total-64__eta-0p0001__smooth_B-1,"{""M"": 1, ""data_B_total"": 64, ""eta"": 0.0001, ""smooth_B"": 1}",7678,983040,ijcnn1
NOG-ZO,NOG,2017,2017,2017,8,y_bar,0.002,0.002,0.001,1,0.0001,0.5139844417572021,35.37933087348938,12,100012,200012,761845986,szo,258432,258432,32304,"[32304, 32304, 32304, 32304, 32304, 32304, 32304, 32304]",180224,2019,2019,0.41639772057533264,0.2551947832107544,0.002,0.9029206037521362,0.9049955606460571,NOG-ZO__M-1__data_B_total-64__eta-0p0001__smooth_B-1,"{""M"": 1, ""data_B_total"": 64, ""eta"": 0.0001, ""smooth_B"": 1}",7678,983040,ijcnn1
NOG-ZO,NOG,2113,2113,2113,8,y_bar,0.002,0.002,0.001,1,0.0001,0.5014668107032776,36.99852800369263,12,100012,200012,761845986,szo,270720,270720,33840,"[33840, 33840, 33840, 33840, 33840, 33840, 33840, 33840]",188416,2115,2115,0.39410191774368286,0.23061919212341309,0.002,0.9029206037521362,0.9049955606460571,NOG-ZO__M-1__data_B_total-64__eta-0p0001__smooth_B-1,"{""M"": 1, ""data_B_total"": 64, ""eta"": 0.0001, ""smooth_B"": 1}",7678,983040,ijcnn1
NOG-ZO,NOG,2209,2209,2209,8,y_bar,0.002,0.002,0.001,1,0.0001,0.39054352045059204,38.510682106018066,12,100012,200012,761845986,szo,283008,283008,35376,"[35376, 35376, 35376, 35376, 35376, 35376, 35376, 35376]",196608,2211,2211,0.37374407052993774,0.2146313637495041,0.002,0.9029206037521362,0.9049955606460571,NOG-ZO__M-1__data_B_total-64__eta-0p0001__smooth_B-1,"{""M"": 1, ""data_B_total"": 64, ""eta"": 0.0001, ""smooth_B"": 1}",7678,983040,ijcnn1
NOG-ZO,NOG,2305,2305,2305,8,y_bar,0.002,0.002,0.001,1,0.0001,0.46603620052337646,40.17558789253235,12,100012,200012,761845986,szo,295296,295296,36912,"[36912, 36912, 36912, 36912, 36912, 36912, 36912, 36912]",204800,2307,2307,0.3546914756298065,0.20494695007801056,0.002,0.9029206037521362,0.9049955606460571,NOG-ZO__M-1__data_B_total-64__eta-0p0001__smooth_B-1,"{""M"": 1, ""data_B_total"": 64, ""eta"": 0.0001, ""smooth_B"": 1}",7678,983040,ijcnn1
NOG-ZO,NOG,2401,2401,2401,8,y_bar,0.002,0.002,0.001,1,0.0001,0.41008442640304565,41.90265941619873,12,100012,200012,761845986,szo,307584,307584,38448,"[38448, 38448, 38448, 38448, 38448, 38448, 38448, 38448]",212992,2403,2403,0.33642449975013733,0.19711647927761078,0.002,0.9029206037521362,0.9049955606460571,NOG-ZO__M-1__data_B_total-64__eta-0p0001__smooth_B-1,"{""M"": 1, ""data_B_total"": 64, ""eta"": 0.0001, ""smooth_B"": 1}",7678,983040,ijcnn1
NOG-ZO,NOG,2497,2497,2497,8,y_bar,0.002,0.002,0.001,1,0.0001,0.46885645389556885,43.407822132110596,12,100012,200012,761845986,szo,319872,319872,39984,"[39984, 39984, 39984, 39984, 39984, 39984, 39984, 39984]",221184,2499,2499,0.31841519474983215,0.1893378347158432,0.002,0.9029206037521362,0.9049955606460571,NOG-ZO__M-1__data_B_total-64__eta-0p0001__smooth_B-1,"{""M"": 1, ""data_B_total"": 64, ""eta"": 0.0001, ""smooth_B"": 1}",7678,983040,ijcnn1
NOG-ZO,NOG,2593,2593,2593,8,y_bar,0.002,0.002,0.001,1,0.0001,0.4920133948326111,45.00704646110535,12,100012,200012,761845986,szo,332160,332160,41520,"[41520, 41520, 41520, 41520, 41520, 41520, 41520, 41520]",229376,2595,2595,0.30133819580078125,0.18093763291835785,0.002,0.9029206037521362,0.9049955606460571,NOG-ZO__M-1__data_B_total-64__eta-0p0001__smooth_B-1,"{""M"": 1, ""data_B_total"": 64, ""eta"": 0.0001, ""smooth_B"": 1}",7678,983040,ijcnn1
NOG-ZO,NOG,2689,2689,2689,8,y_bar,0.002,0.002,0.001,1,0.0001,0.5826009511947632,46.680153131484985,12,100012,200012,761845986,szo,344448,344448,43056,"[43056, 43056, 43056, 43056, 43056, 43056, 43056, 43056]",237568,2691,2691,0.2851356565952301,0.167610764503479,0.002,0.9029206037521362,0.9049955606460571,NOG-ZO__M-1__data_B_total-64__eta-0p0001__smooth_B-1,"{""M"": 1, ""data_B_total"": 64, ""eta"": 0.0001, ""smooth_B"": 1}",7678,983040,ijcnn1
NOG-ZO,NOG,2785,2785,2785,8,y_bar,0.002,0.002,0.001,1,0.0001,0.4023817181587219,48.31012725830078,12,100012,200012,761845986,szo,356736,356736,44592,"[44592, 44592, 44592, 44592, 44592, 44592, 44592, 44592]",245760,2787,2787,0.2704654932022095,0.15136457979679108,0.002,0.9029206037521362,0.9049955606460571,NOG-ZO__M-1__data_B_total-64__eta-0p0001__smooth_B-1,"{""M"": 1, ""data_B_total"": 64, ""eta"": 0.0001, ""smooth_B"": 1}",7678,983040,ijcnn1
NOG-ZO,NOG,2881,2881,2881,8,y_bar,0.002,0.002,0.001,1,0.0001,0.36194470524787903,49.996986627578735,12,100012,200012,761845986,szo,369024,369024,46128,"[46128, 46128, 46128, 46128, 46128, 46128, 46128, 46128]",253952,2883,2883,0.2573445737361908,0.13850437104701996,0.002,0.9029206037521362,0.9049955606460571,NOG-ZO__M-1__data_B_total-64__eta-0p0001__smooth_B-1,"{""M"": 1, ""data_B_total"": 64, ""eta"": 0.0001, ""smooth_B"": 1}",7678,983040,ijcnn1
NOG-ZO,NOG,2977,2977,2977,8,y_bar,0.002,0.002,0.001,1,0.0001,0.3407197594642639,51.60750961303711,12,100012,200012,761845986,szo,381312,381312,47664,"[47664, 47664, 47664, 47664, 47664, 47664, 47664, 47664]",262144,2979,2979,0.24542555212974548,0.12063895165920258,0.002,0.9029206037521362,0.9049955606460571,NOG-ZO__M-1__data_B_total-64__eta-0p0001__smooth_B-1,"{""M"": 1, ""data_B_total"": 64, ""eta"": 0.0001, ""smooth_B"": 1}",7678,983040,ijcnn1
NOG-ZO,NOG,3073,3073,3073,8,y_bar,0.002,0.002,0.001,1,0.0001,0.4629799723625183,53.29469037055969,12,100012,200012,761845986,szo,393600,393600,49200,"[49200, 49200, 49200, 49200, 49200, 49200, 49200, 49200]",270336,3075,3075,0.23535966873168945,0.10030345618724823,0.002,0.9029206037521362,0.9049955606460571,NOG-ZO__M-1__data_B_total-64__eta-0p0001__smooth_B-1,"{""M"": 1, ""data_B_total"": 64, ""eta"": 0.0001, ""smooth_B"": 1}",7678,983040,ijcnn1
NOG-ZO,NOG,3169,3169,3169,8,y_bar,0.002,0.002,0.001,1,0.0001,0.31737834215164185,54.90351438522339,12,100012,200012,761845986,szo,405888,405888,50736,"[50736, 50736, 50736, 50736, 50736, 50736, 50736, 50736]",278528,3171,3171,0.22705455124378204,0.08251986652612686,0.002,0.9029206037521362,0.9049955606460571,NOG-ZO__M-1__data_B_total-64__eta-0p0001__smooth_B-1,"{""M"": 1, ""data_B_total"": 64, ""eta"": 0.0001, ""smooth_B"": 1}",7678,983040,ijcnn1
NOG-ZO,NOG,3265,3265,3265,8,y_bar,0.002,0.002,0.001,1,0.0001,0.41355273127555847,56.59493827819824,12,100012,200012,761845986,szo,418176,418176,52272,"[52272, 52272, 52272, 52272, 52272, 52272, 52272, 52272]",286720,3267,3267,0.22054804861545563,0.06470996141433716,0.002,0.9029206037521362,0.9049955606460571,NOG-ZO__M-1__data_B_total-64__eta-0p0001__smooth_B-1,"{""M"": 1, ""data_B_total"": 64, ""eta"": 0.0001, ""smooth_B"": 1}",7678,983040,ijcnn1
NOG-ZO,NOG,3361,3361,3361,8,y_bar,0.002,0.002,0.001,1,0.0001,0.20580466091632843,58.20414900779724,12,100012,200012,761845986,szo,430464,430464,53808,"[53808, 53808, 53808, 53808, 53808, 53808, 53808, 53808]",294912,3363,3363,0.21579749882221222,0.04454343020915985,0.002,0.9029206037521362,0.9049955606460571,NOG-ZO__M-1__data_B_total-64__eta-0p0001__smooth_B-1,"{""M"": 1, ""data_B_total"": 64, ""eta"": 0.0001, ""smooth_B"": 1}",7678,983040,ijcnn1
NOG-ZO,NOG,3457,3457,3457,8,y_bar,0.002,0.002,0.001,1,0.0001,0.37637031078338623,59.88181662559509,12,100012,200012,761845986,szo,442752,442752,55344,"[55344, 55344, 55344, 55344, 55344, 55344, 55344, 55344]",303104,3459,3459,0.212948277592659,0.02635137550532818,0.002,0.9029206037521362,0.9049955606460571,NOG-ZO__M-1__data_B_total-64__eta-0p0001__smooth_B-1,"{""M"": 1, ""data_B_total"": 64, ""eta"": 0.0001, ""smooth_B"": 1}",7678,983040,ijcnn1
NOG-ZO,NOG,3553,3553,3553,8,y_bar,0.002,0.002,0.001,1,0.0001,0.2672986686229706,61.508875131607056,12,100012,200012,761845986,szo,455040,455040,56880,"[56880, 56880, 56880, 56880, 56880, 56880, 56880, 56880]",311296,3555,3555,0.2114311158657074,0.01657775603234768,0.002,0.9029206037521362,0.9049955606460571,NOG-ZO__M-1__data_B_total-64__eta-0p0001__smooth_B-1,"{""M"": 1, ""data_B_total"": 64, ""eta"": 0.0001, ""smooth_B"": 1}",7678,983040,ijcnn1
NOG-ZO,NOG,3649,3649,3649,8,y_bar,0.002,0.002,0.001,1,0.0001,0.16727036237716675,63.21142649650574,12,100012,200012,761845986,szo,467328,467328,58416,"[58416, 58416, 58416, 58416, 58416, 58416, 58416, 58416]",319488,3651,3651,0.21110008656978607,0.019512170925736427,0.002,0.9029206037521362,0.9049955606460571,NOG-ZO__M-1__data_B_total-64__eta-0p0001__smooth_B-1,"{""M"": 1, ""data_B_total"": 64, ""eta"": 0.0001, ""smooth_B"": 1}",7678,983040,ijcnn1
NOG-ZO,NOG,3745,3745,3745,8,y_bar,0.002,0.002,0.001,1,0.0001,0.28875675797462463,64.90110778808594,12,100012,200012,761845986,szo,479616,479616,59952,"[59952, 59952, 59952, 59952, 59952, 59952, 59952, 59952]",327680,3747,3747,0.21165166795253754,0.028279582038521767,0.002,0.9029206037521362,0.9049955606460571,NOG-ZO__M-1__data_B_total-64__eta-0p0001__smooth_B-1,"{""M"": 1, ""data_B_total"": 64, ""eta"": 0.0001, ""smooth_B"": 1}",7678,983040,ijcnn1
NOG-ZO,NOG,3841,3841,3841,8,y_bar,0.002,0.002,0.001,1,0.0001,0.3193000853061676,66.58167815208435,12,100012,200012,761845986,szo,491904,491904,61488,"[61488, 61488, 61488, 61488, 61488, 61488, 61488, 61488]",335872,3843,3843,0.2120782732963562,0.030797377228736877,0.002,0.9029206037521362,0.9049955606460571,NOG-ZO__M-1__data_B_total-64__eta-0p0001__smooth_B-1,"{""M"": 1, ""data_B_total"": 64, ""eta"": 0.0001, ""smooth_B"": 1}",7678,983040,ijcnn1
NOG-ZO,NOG,3937,3937,3937,8,y_bar,0.002,0.002,0.001,1,0.0001,0.19066683948040009,68.19334149360657,12,100012,200012,761845986,szo,504192,504192,63024,"[63024, 63024, 63024, 63024, 63024, 63024, 63024, 63024]",344064,3939,3939,0.21167847514152527,0.027724381536245346,0.002,0.9029206037521362,0.9049955606460571,NOG-ZO__M-1__data_B_total-64__eta-0p0001__smooth_B-1,"{""M"": 1, ""data_B_total"": 64, ""eta"": 0.0001, ""smooth_B"": 1}",7678,983040,ijcnn1
NOG-ZO,NOG,4033,4033,4033,8,y_bar,0.002,0.002,0.001,1,0.0001,0.2002936750650406,69.89106464385986,12,100012,200012,761845986,szo,516480,516480,64560,"[64560, 64560, 64560, 64560, 64560, 64560, 64560, 64560]",352256,4035,4035,0.21088849008083344,0.024228449910879135,0.002,0.9029206037521362,0.9049955606460571,NOG-ZO__M-1__data_B_total-64__eta-0p0001__smooth_B-1,"{""M"": 1, ""data_B_total"": 64, ""eta"": 0.0001, ""smooth_B"": 1}",7678,983040,ijcnn1
NOG-ZO,NOG,4129,4129,4129,8,y_bar,0.002,0.002,0.001,1,0.0001,0.1652536541223526,71.50902533531189,12,100012,200012,761845986,szo,528768,528768,66096,"[66096, 66096, 66096, 66096, 66096, 66096, 66096, 66096]",360448,4131,4131,0.2100101262331009,0.022837290540337563,0.002,0.9029206037521362,0.9049955606460571,NOG-ZO__M-1__data_B_total-64__eta-0p0001__smooth_B-1,"{""M"": 1, ""data_B_total"": 64, ""eta"": 0.0001, ""smooth_B"": 1}",7678,983040,ijcnn1
NOG-ZO,NOG,4225,4225,4225,8,y_bar,0.002,0.002,0.001,1,0.0001,0.2998102009296417,73.27240943908691,12,100012,200012,761845986,szo,541056,541056,67632,"[67632, 67632, 67632, 67632, 67632, 67632, 67632, 67632]",368640,4227,4227,0.20899172127246857,0.021960416808724403,0.002,0.9029206037521362,0.9049955606460571,NOG-ZO__M-1__data_B_total-64__eta-0p0001__smooth_B-1,"{""M"": 1, ""data_B_total"": 64, ""eta"": 0.0001, ""smooth_B"": 1}",7678,983040,ijcnn1
NOG-ZO,NOG,4321,4321,4321,8,y_bar,0.002,0.002,0.001,1,0.0001,0.2622373700141907,74.88602805137634,12,100012,200012,761845986,szo,553344,553344,69168,"[69168, 69168, 69168, 69168, 69168, 69168, 69168, 69168]",376832,4323,4323,0.2080412209033966,0.02156931720674038,0.002,0.9029206037521362,0.9049955606460571,NOG-ZO__M-1__data_B_total-64__eta-0p0001__smooth_B-1,"{""M"": 1, ""data_B_total"": 64, ""eta"": 0.0001, ""smooth_B"": 1}",7678,983040,ijcnn1
NOG-ZO,NOG,4417,4417,4417,8,y_bar,0.002,0.002,0.001,1,0.0001,0.17491407692432404,76.59471321105957,12,100012,200012,761845986,szo,565632,565632,70704,"[70704, 70704, 70704, 70704, 70704, 70704, 70704, 70704]",385024,4419,4419,0.20718282461166382,0.022067196667194366,0.002,0.9029206037521362,0.9049955606460571,NOG-ZO__M-1__data_B_total-64__eta-0p0001__smooth_B-1,"{""M"": 1, ""data_B_total"": 64, ""eta"": 0.0001, ""smooth_B"": 1}",7678,983040,ijcnn1
NOG-ZO,NOG,4513,4513,4513,8,y_bar,0.002,0.002,0.001,1,0.0001,0.2109450250864029,78.38980984687805,12,100012,200012,761845986,szo,577920,577920,72240,"[72240, 72240, 72240, 72240, 72240, 72240, 72240, 72240]",393216,4515,4515,0.20608265697956085,0.02003481052815914,0.002,0.9029206037521362,0.9049955606460571,NOG-ZO__M-1__data_B_total-64__eta-0p0001__smooth_B-1,"{""M"": 1, ""data_B_total"": 64, ""eta"": 0.0001, ""smooth_B"": 1}",7678,983040,ijcnn1
NOG-ZO,NOG,4609,4609,4609,8,y_bar,0.002,0.002,0.001,1,0.0001,0.2978200912475586,80.07826852798462,12,100012,200012,761845986,szo,590208,590208,73776,"[73776, 73776, 73776, 73776, 73776, 73776, 73776, 73776]",401408,4611,4611,0.20493203401565552,0.018334563821554184,0.002,0.9029206037521362,0.9049955606460571,NOG-ZO__M-1__data_B_total-64__eta-0p0001__smooth_B-1,"{""M"": 1, ""data_B_total"": 64, ""eta"": 0.0001, ""smooth_B"": 1}",7678,983040,ijcnn1
NOG-ZO,NOG,4705,4705,4705,8,y_bar,0.002,0.002,0.001,1,0.0001,0.30671605467796326,81.80087494850159,12,100012,200012,761845986,szo,602496,602496,75312,"[75312, 75312, 75312, 75312, 75312, 75312, 75312, 75312]",409600,4707,4707,0.20389030873775482,0.01649497263133526,0.002,0.9029206037521362,0.9049955606460571,NOG-ZO__M-1__data_B_total-64__eta-0p0001__smooth_B-1,"{""M"": 1, ""data_B_total"": 64, ""eta"": 0.0001, ""smooth_B"": 1}",7678,983040,ijcnn1
NOG-ZO,NOG,4801,4801,4801,8,y_bar,0.002,0.002,0.001,1,0.0001,0.3243064284324646,83.30405855178833,12,100012,200012,761845986,szo,614784,614784,76848,"[76848, 76848, 76848, 76848, 76848, 76848, 76848, 76848]",417792,4803,4803,0.20310194790363312,0.016861442476511,0.002,0.9029206037521362,0.9049955606460571,NOG-ZO__M-1__data_B_total-64__eta-0p0001__smooth_B-1,"{""M"": 1, ""data_B_total"": 64, ""eta"": 0.0001, ""smooth_B"": 1}",7678,983040,ijcnn1
NOG-ZO,NOG,4897,4897,4897,8,y_bar,0.002,0.002,0.001,1,0.0001,0.26084181666374207,85.18240094184875,12,100012,200012,761845986,szo,627072,627072,78384,"[78384, 78384, 78384, 78384, 78384, 78384, 78384, 78384]",425984,4899,4899,0.20263251662254333,0.02030949480831623,0.002,0.9029206037521362,0.9049955606460571,NOG-ZO__M-1__data_B_total-64__eta-0p0001__smooth_B-1,"{""M"": 1, ""data_B_total"": 64, ""eta"": 0.0001, ""smooth_B"": 1}",7678,983040,ijcnn1
NOG-ZO,NOG,4993,4993,4993,8,y_bar,0.002,0.002,0.001,1,0.0001,0.24581673741340637,86.89380669593811,12,100012,200012,761845986,szo,639360,639360,79920,"[79920, 79920, 79920, 79920, 79920, 79920, 79920, 79920]",434176,4995,4995,0.20221658051013947,0.02239329181611538,0.002,0.9029206037521362,0.9049955606460571,NOG-ZO__M-1__data_B_total-64__eta-0p0001__smooth_B-1,"{""M"": 1, ""data_B_total"": 64, ""eta"": 0.0001, ""smooth_B"": 1}",7678,983040,ijcnn1
NOG-ZO,NOG,5089,5089,5089,8,y_bar,0.002,0.002,0.001,1,0.0001,0.25850433111190796,88.6821060180664,12,100012,200012,761845986,szo,651648,651648,81456,"[81456, 81456, 81456, 81456, 81456, 81456, 81456, 81456]",442368,5091,5091,0.20146958529949188,0.01877295970916748,0.002,0.9029206037521362,0.9049955606460571,NOG-ZO__M-1__data_B_total-64__eta-0p0001__smooth_B-1,"{""M"": 1, ""data_B_total"": 64, ""eta"": 0.0001, ""smooth_B"": 1}",7678,983040,ijcnn1
NOG-ZO,NOG,5185,5185,5185,8,y_bar,0.002,0.002,0.001,1,0.0001,0.26612600684165955,90.30657625198364,12,100012,200012,761845986,szo,663936,663936,82992,"[82992, 82992, 82992, 82992, 82992, 82992, 82992, 82992]",450560,5187,5187,0.2006605863571167,0.01445925235748291,0.002,0.9029206037521362,0.9049955606460571,NOG-ZO__M-1__data_B_total-64__eta-0p0001__smooth_B-1,"{""M"": 1, ""data_B_total"": 64, ""eta"": 0.0001, ""smooth_B"": 1}",7678,983040,ijcnn1
NOG-ZO,NOG,5281,5281,5281,8,y_bar,0.002,0.002,0.001,1,0.0001,0.29128265380859375,91.90336608886719,12,100012,200012,761845986,szo,676224,676224,84528,"[84528, 84528, 84528, 84528, 84528, 84528, 84528, 84528]",458752,5283,5283,0.19997549057006836,0.012731651775538921,0.002,0.9029206037521362,0.9049955606460571,NOG-ZO__M-1__data_B_total-64__eta-0p0001__smooth_B-1,"{""M"": 1, ""data_B_total"": 64, ""eta"": 0.0001, ""smooth_B"": 1}",7678,983040,ijcnn1
NOG-ZO,NOG,5377,5377,5377,8,y_bar,0.002,0.002,0.001,1,0.0001,0.39867183566093445,93.59433007240295,12,100012,200012,761845986,szo,688512,688512,86064,"[86064, 86064, 86064, 86064, 86064, 86064, 86064, 86064]",466944,5379,5379,0.1992497593164444,0.011820301413536072,0.002,0.9029206037521362,0.9049955606460571,NOG-ZO__M-1__data_B_total-64__eta-0p0001__smooth_B-1,"{""M"": 1, ""data_B_total"": 64, ""eta"": 0.0001, ""smooth_B"": 1}",7678,983040,ijcnn1
NOG-ZO,NOG,5473,5473,5473,8,y_bar,0.002,0.002,0.001,1,0.0001,0.07262986898422241,95.37999606132507,12,100012,200012,761845986,szo,700800,700800,87600,"[87600, 87600, 87600, 87600, 87600, 87600, 87600, 87600]",475136,5475,5475,0.19855861365795135,0.011565184220671654,0.002,0.9029206037521362,0.9049955606460571,NOG-ZO__M-1__data_B_total-64__eta-0p0001__smooth_B-1,"{""M"": 1, ""data_B_total"": 64, ""eta"": 0.0001, ""smooth_B"": 1}",7678,983040,ijcnn1
NOG-ZO,NOG,5569,5569,5569,8,y_bar,0.002,0.002,0.001,1,0.0001,0.22183018922805786,97.11226105690002,12,100012,200012,761845986,szo,713088,713088,89136,"[89136, 89136, 89136, 89136, 89136, 89136, 89136, 89136]",483328,5571,5571,0.19787678122520447,0.011422005482017994,0.002,0.9029206037521362,0.9049955606460571,NOG-ZO__M-1__data_B_total-64__eta-0p0001__smooth_B-1,"{""M"": 1, ""data_B_total"": 64, ""eta"": 0.0001, ""smooth_B"": 1}",7678,983040,ijcnn1
NOG-ZO,NOG,5665,5665,5665,8,y_bar,0.002,0.002,0.001,1,0.0001,0.2699965834617615,98.89773178100586,12,100012,200012,761845986,szo,725376,725376,90672,"[90672, 90672, 90672, 90672, 90672, 90672, 90672, 90672]",491520,5667,5667,0.19722743332386017,0.011430451646447182,0.002,0.9029206037521362,0.9049955606460571,NOG-ZO__M-1__data_B_total-64__eta-0p0001__smooth_B-1,"{""M"": 1, ""data_B_total"": 64, ""eta"": 0.0001, ""smooth_B"": 1}",7678,983040,ijcnn1
NOG-ZO,NOG,5761,5761,5761,8,y_bar,0.002,0.002,0.001,1,0.0001,0.2621142566204071,100.57917928695679,12,100012,200012,761845986,szo,737664,737664,92208,"[92208, 92208, 92208, 92208, 92208, 92208, 92208, 92208]",499712,5763,5763,0.1966557800769806,0.011376370675861835,0.002,0.9029206037521362,0.9049955606460571,NOG-ZO__M-1__data_B_total-64__eta-0p0001__smooth_B-1,"{""M"": 1, ""data_B_total"": 64, ""eta"": 0.0001, ""smooth_B"": 1}",7678,983040,ijcnn1
NOG-ZO,NOG,5857,5857,5857,8,y_bar,0.002,0.002,0.001,1,0.0001,0.1699373573064804,102.18992900848389,12,100012,200012,761845986,szo,749952,749952,93744,"[93744, 93744, 93744, 93744, 93744, 93744, 93744, 93744]",507904,5859,5859,0.19625340402126312,0.01187886018306017,0.002,0.9029206037521362,0.9049955606460571,NOG-ZO__M-1__data_B_total-64__eta-0p0001__smooth_B-1,"{""M"": 1, ""data_B_total"": 64, ""eta"": 0.0001, ""smooth_B"": 1}",7678,983040,ijcnn1
NOG-ZO,NOG,5953,5953,5953,8,y_bar,0.002,0.002,0.001,1,0.0001,0.2611868381500244,103.80538249015808,12,100012,200012,761845986,szo,762240,762240,95280,"[95280, 95280, 95280, 95280, 95280, 95280, 95280, 95280]",516096,5955,5955,0.19592295587062836,0.012213055975735188,0.002,0.9029206037521362,0.9049955606460571,NOG-ZO__M-1__data_B_total-64__eta-0p0001__smooth_B-1,"{""M"": 1, ""data_B_total"": 64, ""eta"": 0.0001, ""smooth_B"": 1}",7678,983040,ijcnn1
NOG-ZO,NOG,6049,6049,6049,8,y_bar,0.002,0.002,0.001,1,0.0001,0.22467561066150665,105.411545753479,12,100012,200012,761845986,szo,774528,774528,96816,"[96816, 96816, 96816, 96816, 96816, 96816, 96816, 96816]",524288,6051,6051,0.19557569921016693,0.012117317877709866,0.002,0.9029206037521362,0.9049955606460571,NOG-ZO__M-1__data_B_total-64__eta-0p0001__smooth_B-1,"{""M"": 1, ""data_B_total"": 64, ""eta"": 0.0001, ""smooth_B"": 1}",7678,983040,ijcnn1
NOG-ZO,NOG,6145,6145,6145,8,y_bar,0.002,0.002,0.001,1,0.0001,0.3303472101688385,106.99647617340088,12,100012,200012,761845986,szo,786816,786816,98352,"[98352, 98352, 98352, 98352, 98352, 98352, 98352, 98352]",532480,6147,6147,0.19524185359477997,0.012461608275771141,0.002,0.902980625629425,0.9049955606460571,NOG-ZO__M-1__data_B_total-64__eta-0p0001__smooth_B-1,"{""M"": 1, ""data_B_total"": 64, ""eta"": 0.0001, ""smooth_B"": 1}",7678,983040,ijcnn1
NOG-ZO,NOG,6241,6241,6241,8,y_bar,0.002,0.002,0.001,1,0.0001,0.148980051279068,108.77628469467163,12,100012,200012,761845986,szo,799104,799104,99888,"[99888, 99888, 99888, 99888, 99888, 99888, 99888, 99888]",540672,6243,6243,0.19497549533843994,0.01400510873645544,0.002,0.9030206203460693,0.905006468296051,NOG-ZO__M-1__data_B_total-64__eta-0p0001__smooth_B-1,"{""M"": 1, ""data_B_total"": 64, ""eta"": 0.0001, ""smooth_B"": 1}",7678,983040,ijcnn1
NOG-ZO,NOG,6337,6337,6337,8,y_bar,0.002,0.002,0.001,1,0.0001,0.3167836368083954,110.38849949836731,12,100012,200012,761845986,szo,811392,811392,101424,"[101424, 101424, 101424, 101424, 101424, 101424, 101424, 101424]",548864,6339,6339,0.19471518695354462,0.015391354449093342,0.002,0.9030405879020691,0.905006468296051,NOG-ZO__M-1__data_B_total-64__eta-0p0001__smooth_B-1,"{""M"": 1, ""data_B_total"": 64, ""eta"": 0.0001, ""smooth_B"": 1}",7678,983040,ijcnn1
NOG-ZO,NOG,6433,6433,6433,8,y_bar,0.002,0.002,0.001,1,0.0001,0.2810482680797577,112.01040387153625,12,100012,200012,761845986,szo,823680,823680,102960,"[102960, 102960, 102960, 102960, 102960, 102960, 102960, 102960]",557056,6435,6435,0.1943928301334381,0.015384424477815628,0.002,0.9030405879020691,0.9049955606460571,NOG-ZO__M-1__data_B_total-64__eta-0p0001__smooth_B-1,"{""M"": 1, ""data_B_total"": 64, ""eta"": 0.0001, ""smooth_B"": 1}",7678,983040,ijcnn1
NOG-ZO,NOG,6529,6529,6529,8,y_bar,0.002,0.002,0.001,1,0.0001,0.2790398597717285,113.67686486244202,12,100012,200012,761845986,szo,835968,835968,104496,"[104496, 104496, 104496, 104496, 104496, 104496, 104496, 104496]",565248,6531,6531,0.1941012740135193,0.014371655881404877,0.002,0.9030405879020691,0.9050173759460449,NOG-ZO__M-1__data_B_total-64__eta-0p0001__smooth_B-1,"{""M"": 1, ""data_B_total"": 64, ""eta"": 0.0001, ""smooth_B"": 1}",7678,983040,ijcnn1
NOG-ZO,NOG,6625,6625,6625,8,y_bar,0.002,0.002,0.001,1,0.0001,0.15846006572246552,115.2948706150055,12,100012,200012,761845986,szo,848256,848256,106032,"[106032, 106032, 106032, 106032, 106032, 106032, 106032, 106032]",573440,6627,6627,0.19386248290538788,0.01462737750262022,0.002,0.9031006097793579,0.9050391912460327,NOG-ZO__M-1__data_B_total-64__eta-0p0001__smooth_B-1,"{""M"": 1, ""data_B_total"": 64, ""eta"": 0.0001, ""smooth_B"": 1}",7678,983040,ijcnn1
NOG-ZO,NOG,6721,6721,6721,8,y_bar,0.002,0.002,0.001,1,0.0001,0.19847531616687775,116.90811443328857,12,100012,200012,761845986,szo,860544,860544,107568,"[107568, 107568, 107568, 107568, 107568, 107568, 107568, 107568]",581632,6723,6723,0.1935594528913498,0.014298808760941029,0.002,0.9031206369400024,0.9050828218460083,NOG-ZO__M-1__data_B_total-64__eta-0p0001__smooth_B-1,"{""M"": 1, ""data_B_total"": 64, ""eta"": 0.0001, ""smooth_B"": 1}",7678,983040,ijcnn1
NOG-ZO,NOG,6817,6817,6817,8,y_bar,0.002,0.002,0.001,1,0.0001,0.16285747289657593,118.50960111618042,12,100012,200012,761845986,szo,872832,872832,109104,"[109104, 109104, 109104, 109104, 109104, 109104, 109104, 109104]",589824,6819,6819,0.193201944231987,0.012883270159363747,0.002,0.9031406044960022,0.9050719141960144,NOG-ZO__M-1__data_B_total-64__eta-0p0001__smooth_B-1,"{""M"": 1, ""data_B_total"": 64, ""eta"": 0.0001, ""smooth_B"": 1}",7678,983040,ijcnn1
NOG-ZO,NOG,6913,6913,6913,8,y_bar,0.002,0.002,0.001,1,0.0001,0.29793068766593933,120.09558987617493,12,100012,200012,761845986,szo,885120,885120,110640,"[110640, 110640, 110640, 110640, 110640, 110640, 110640, 110640]",598016,6915,6915,0.1928527057170868,0.011558454483747482,0.002,0.9032606482505798,0.9050937294960022,NOG-ZO__M-1__data_B_total-64__eta-0p0001__smooth_B-1,"{""M"": 1, ""data_B_total"": 64, ""eta"": 0.0001, ""smooth_B"": 1}",7678,983040,ijcnn1
NOG-ZO,NOG,7009,7009,7009,8,y_bar,0.002,0.002,0.001,1,0.0001,0.24466446042060852,121.77647352218628,12,100012,200012,761845986,szo,897408,897408,112176,"[112176, 112176, 112176, 112176, 112176, 112176, 112176, 112176]",606208,7011,7011,0.19253940880298615,0.009574214927852154,0.002,0.9033406972885132,0.9051264524459839,NOG-ZO__M-1__data_B_total-64__eta-0p0001__smooth_B-1,"{""M"": 1, ""data_B_total"": 64, ""eta"": 0.0001, ""smooth_B"": 1}",7678,983040,ijcnn1
NOG-ZO,NOG,7105,7105,7105,8,y_bar,0.002,0.002,0.001,1,0.0001,0.26514193415641785,123.29370141029358,12,100012,200012,761845986,szo,909696,909696,113712,"[113712, 113712, 113712, 113712, 113712, 113712, 113712, 113712]",614400,7107,7107,0.19236265122890472,0.008959772996604443,0.002,0.9033606648445129,0.9051482677459717,NOG-ZO__M-1__data_B_total-64__eta-0p0001__smooth_B-1,"{""M"": 1, ""data_B_total"": 64, ""eta"": 0.0001, ""smooth_B"": 1}",7678,983040,ijcnn1
NOG-ZO,NOG,7201,7201,7201,8,y_bar,0.002,0.002,0.001,1,0.0001,0.29418542981147766,124.68285346031189,12,100012,200012,761845986,szo,921984,921984,115248,"[115248, 115248, 115248, 115248, 115248, 115248, 115248, 115248]",622592,7203,7203,0.19237475097179413,0.009853341616690159,0.002,0.9033606648445129,0.9051700830459595,NOG-ZO__M-1__data_B_total-64__eta-0p0001__smooth_B-1,"{""M"": 1, ""data_B_total"": 64, ""eta"": 0.0001, ""smooth_B"": 1}",7678,983040,ijcnn1
NOG-ZO,NOG,7297,7297,7297,8,y_bar,0.002,0.002,0.001,1,0.0001,0.30607035756111145,126.11182856559753,12,100012,200012,761845986,szo,934272,934272,116784,"[116784, 116784, 116784, 116784, 116784, 116784, 116784, 116784]",630784,7299,7299,0.1925063580274582,0.010769611224532127,0.002,0.9034006595611572,0.9051809906959534,NOG-ZO__M-1__data_B_total-64__eta-0p0001__smooth_B-1,"{""M"": 1, ""data_B_total"": 64, ""eta"": 0.0001, ""smooth_B"": 1}",7678,983040,ijcnn1
NOG-ZO,NOG,7393,7393,7393,8,y_bar,0.002,0.002,0.001,1,0.0001,0.21549206972122192,127.41155314445496,12,100012,200012,761845986,szo,946560,946560,118320,"[118320, 118320, 118320, 118320, 118320, 118320, 118320, 118320]",638976,7395,7395,0.19259369373321533,0.011384773999452591,0.002,0.9035606980323792,0.9052245616912842,NOG-ZO__M-1__data_B_total-64__eta-0p0001__smooth_B-1,"{""M"": 1, ""data_B_total"": 64, ""eta"": 0.0001, ""smooth_B"": 1}",7678,983040,ijcnn1
NOG-ZO,NOG,7489,7489,7489,8,y_bar,0.002,0.002,0.001,1,0.0001,0.14025229215621948,128.6865177154541,12,100012,200012,761845986,szo,958848,958848,119856,"[119856, 119856, 119856, 119856, 119856, 119856, 119856, 119856]",647168,7491,7491,0.1926264613866806,0.012072202749550343,0.002,0.9037007689476013,0.9052354693412781,NOG-ZO__M-1__data_B_total-64__eta-0p0001__smooth_B-1,"{""M"": 1, ""data_B_total"": 64, ""eta"": 0.0001, ""smooth_B"": 1}",7678,983040,ijcnn1
NOG-ZO,NOG,7585,7585,7585,8,y_bar,0.002,0.002,0.001,1,0.0001,0.16043564677238464,129.67394137382507,12,100012,200012,761845986,szo,971136,971136,121392,"[121392, 121392, 121392, 121392, 121392, 121392, 121392, 121392]",655360,7587,7587,0.19265304505825043,0.012974187731742859,0.002,0.9038007855415344,0.9052900075912476,NOG-ZO__M-1__data_B_total-64__eta-0p0001__smooth_B-1,"{""M"": 1, ""data_B_total"": 64, ""eta"": 0.0001, ""smooth_B"": 1}",7678,983040,ijcnn1
NOG-ZO,NOG,7678,7678,7678,8,y_bar,0.002,0.002,0.001,1,0.0001,0.23014618456363678,130.3963451385498,12,100012,200012,761845986,szo,983040,983040,122880,"[122880, 122880, 122880, 122880, 122880, 122880, 122880, 122880]",663552,7680,7680,0.19269327819347382,0.013460773974657059,0.002,0.9038607478141785,0.9053118228912354,NOG-ZO__M-1__data_B_total-64__eta-0p0001__smooth_B-1,"{""M"": 1, ""data_B_total"": 64, ""eta"": 0.0001, ""smooth_B"": 1}",7678,983040,ijcnn1
