runtime_config_id,method,epsilon,worker_count,repeat,benchmark_seed,rounds,parameters,depth,total_work,per_worker_work,training_time,communication_time,communication_fraction,evaluation_time,end_to_end_time,non_training_overhead,final_stat_proxy,final_objective
ME-DOL-FO__epoch_length-12__theory_multiplier-10p0__rounds-1920__runtime-f1b9b7cb1027,ME-DOL-FO,0.01,1,0,0,1920,"{""epoch_length"": 12, ""theory_multiplier"": 10.0}",1920,1920,1920,116.6138966679573,0.2681717574596405,0.0022996552308274564,2.010729745030403,121.57109671831131,2.9464703053236008,0.010643712244927883,0.7208289504051208
ME-DOL-FO__epoch_length-12__theory_multiplier-10p0__rounds-1920__runtime-f1b9b7cb1027,ME-DOL-FO,0.01,1,1,0,1920,"{""epoch_length"": 12, ""theory_multiplier"": 10.0}",1920,1920,1920,16.655969187617302,0.22379833459854126,0.013436524292139162,1.5631043612957,21.150362819433212,2.9312892705202103,0.010643712244927883,0.7208289504051208
ME-DOL-FO__epoch_length-12__theory_multiplier-10p0__rounds-1920__runtime-f1b9b7cb1027,ME-DOL-FO,0.01,1,2,0,1920,"{""epoch_length"": 12, ""theory_multiplier"": 10.0}",1920,1920,1920,17.225471153855324,0.22318649291992188,0.012956771453532598,1.5907289236783981,21.76975344121456,2.9535533636808395,0.010643712244927883,0.7208289504051208
ME-DOL-FO__epoch_length-12__theory_multiplier-10p0__rounds-1920__runtime-f1b9b7cb1027,ME-DOL-FO,0.01,2,0,0,1920,"{""epoch_length"": 12, ""theory_multiplier"": 10.0}",1920,3840,1920,27.602379336953163,1.4710234254598618,0.0532933558916243,1.6202588081359863,32.30230502784252,3.079666882753372,0.010375713929533958,0.7184750437736511
ME-DOL-FO__epoch_length-12__theory_multiplier-10p0__rounds-1920__runtime-f1b9b7cb1027,ME-DOL-FO,0.01,2,1,0,1920,"{""epoch_length"": 12, ""theory_multiplier"": 10.0}",1920,3840,1920,24.120694547891617,1.3811006993055344,0.05725791587648358,1.6073380410671234,29.72813668847084,4.0001040995121,0.010375713929533958,0.7184750437736511
ME-DOL-FO__epoch_length-12__theory_multiplier-10p0__rounds-1920__runtime-f1b9b7cb1027,ME-DOL-FO,0.01,2,2,0,1920,"{""epoch_length"": 12, ""theory_multiplier"": 10.0}",1920,3840,1920,28.650084421038628,1.40749953687191,0.049127238725982264,1.6770906150341034,34.39700862765312,4.069833591580391,0.010375713929533958,0.7184750437736511
ME-DOL-FO__epoch_length-12__theory_multiplier-10p0__rounds-1920__runtime-f1b9b7cb1027,ME-DOL-FO,0.01,4,0,0,1920,"{""epoch_length"": 12, ""theory_multiplier"": 10.0}",1920,7680,1920,36.77763286232948,2.991895020008087,0.08135094042641931,1.6671114414930344,42.69058778882027,4.245843484997749,0.009403219446539879,0.7178699374198914
ME-DOL-FO__epoch_length-12__theory_multiplier-10p0__rounds-1920__runtime-f1b9b7cb1027,ME-DOL-FO,0.01,4,1,0,1920,"{""epoch_length"": 12, ""theory_multiplier"": 10.0}",1920,7680,1920,30.4020444303751,3.069656655192375,0.10096875761833435,1.6786385029554367,36.28441569209099,4.203732758760452,0.009403219446539879,0.7178699374198914
ME-DOL-FO__epoch_length-12__theory_multiplier-10p0__rounds-1920__runtime-f1b9b7cb1027,ME-DOL-FO,0.01,4,2,0,1920,"{""epoch_length"": 12, ""theory_multiplier"": 10.0}",1920,7680,1920,59.975331246852875,3.201583221554756,0.05338166801242561,1.7877110689878464,66.08424654603004,4.321204230189323,0.009403219446539879,0.7178699374198914
ME-DOL-FO__epoch_length-12__theory_multiplier-10p0__rounds-1920__runtime-f1b9b7cb1027,ME-DOL-FO,0.01,8,0,0,1920,"{""epoch_length"": 12, ""theory_multiplier"": 10.0}",1920,15360,1920,66.95519396662712,6.0238939225673676,0.0899690310145303,1.7877840846776962,73.36006589233875,4.6170878410339355,0.008007253520190716,0.7178918123245239
ME-DOL-FO__epoch_length-12__theory_multiplier-10p0__rounds-1920__runtime-f1b9b7cb1027,ME-DOL-FO,0.01,8,1,0,1920,"{""epoch_length"": 12, ""theory_multiplier"": 10.0}",1920,15360,1920,51.25992260873318,5.502380430698395,0.10734273776997376,1.734706923365593,57.50577461719513,4.511145085096359,0.008007253520190716,0.7178918123245239
ME-DOL-FO__epoch_length-12__theory_multiplier-10p0__rounds-1920__runtime-f1b9b7cb1027,ME-DOL-FO,0.01,8,2,0,1920,"{""epoch_length"": 12, ""theory_multiplier"": 10.0}",1920,15360,1920,54.09659779071808,5.404190301895142,0.09989889424843637,1.6989363431930542,59.6000185161829,3.8044843822717667,0.008007253520190716,0.7178918123245239
ME-DOL-FO__epoch_length-12__theory_multiplier-10p0__rounds-1920__runtime-f1b9b7cb1027,ME-DOL-FO,0.01,16,0,0,1920,"{""epoch_length"": 12, ""theory_multiplier"": 10.0}",1920,30720,1920,118.70729157328606,12.011424079537392,0.10118522561119951,1.9197685271501541,126.52179265022278,5.894732549786568,0.00698100496083498,0.7177784442901611
ME-DOL-FO__epoch_length-12__theory_multiplier-10p0__rounds-1920__runtime-f1b9b7cb1027,ME-DOL-FO,0.01,16,1,0,1920,"{""epoch_length"": 12, ""theory_multiplier"": 10.0}",1920,30720,1920,90.24749924242496,11.674516648054123,0.12936110968231662,1.8187563866376877,97.49452944099903,5.4282738119363785,0.00698100496083498,0.7177784442901611
ME-DOL-FO__epoch_length-12__theory_multiplier-10p0__rounds-1920__runtime-f1b9b7cb1027,ME-DOL-FO,0.01,16,2,0,1920,"{""epoch_length"": 12, ""theory_multiplier"": 10.0}",1920,30720,1920,93.4490001052618,11.142632156610489,0.11923757497736014,1.8659340143203735,99.77454125881195,4.4596071392297745,0.00698100496083498,0.7177784442901611
ME-DOL-FO__epoch_length-12__theory_multiplier-10p0__rounds-1920__runtime-f1b9b7cb1027,ME-DOL-FO,0.01,32,0,0,1920,"{""epoch_length"": 12, ""theory_multiplier"": 10.0}",1920,61440,1920,164.86241944134235,24.044896215200424,0.1458482551492309,2.1628577262163162,174.00975342094898,6.984476253390312,0.007243712432682514,0.7177637815475464
ME-DOL-FO__epoch_length-12__theory_multiplier-10p0__rounds-1920__runtime-f1b9b7cb1027,ME-DOL-FO,0.01,32,1,0,1920,"{""epoch_length"": 12, ""theory_multiplier"": 10.0}",1920,61440,1920,167.87476873397827,24.883801817893982,0.1482283609714212,2.085196778178215,177.02601844072342,7.066052928566933,0.007243712432682514,0.7177637815475464
ME-DOL-FO__epoch_length-12__theory_multiplier-10p0__rounds-1920__runtime-f1b9b7cb1027,ME-DOL-FO,0.01,32,2,0,1920,"{""epoch_length"": 12, ""theory_multiplier"": 10.0}",1920,61440,1920,163.12946662306786,24.19634500145912,0.14832602289669694,2.110686406493187,172.75806026160717,7.517907232046127,0.007243712432682514,0.7177637815475464
NOG-FO__M-4__data_B_total-64__eta-1p0__smooth_B-8__rounds-960__runtime-bf7a41c99cdf,NOG-FO,0.01,1,0,0,960,"{""M"": 4, ""data_B_total"": 64, ""eta"": 1.0, ""smooth_B"": 8}",962,492544,492544,14.7972601801157,0.10905285179615021,0.007369800251447463,0.7898479700088501,18.78922589123249,3.2021177411079407,0.007835505530238152,0.7121160626411438
NOG-FO__M-4__data_B_total-64__eta-1p0__smooth_B-8__rounds-960__runtime-bf7a41c99cdf,NOG-FO,0.01,1,1,0,960,"{""M"": 4, ""data_B_total"": 64, ""eta"": 1.0, ""smooth_B"": 8}",962,492544,492544,12.478577211499214,0.11950293183326721,0.009576647225706413,0.8208758533000946,16.158193722367287,2.858740657567978,0.007835505530238152,0.7121160626411438
NOG-FO__M-4__data_B_total-64__eta-1p0__smooth_B-8__rounds-960__runtime-bf7a41c99cdf,NOG-FO,0.01,1,2,0,960,"{""M"": 4, ""data_B_total"": 64, ""eta"": 1.0, ""smooth_B"": 8}",962,492544,492544,12.60102592408657,0.12174816429615021,0.009661766036321804,0.8113620579242706,16.331035688519478,2.9186477065086365,0.007835505530238152,0.7121160626411438
NOG-FO__M-4__data_B_total-64__eta-1p0__smooth_B-8__rounds-960__runtime-bf7a41c99cdf,NOG-FO,0.01,2,0,0,960,"{""M"": 4, ""data_B_total"": 64, ""eta"": 1.0, ""smooth_B"": 8}",962,492544,246272,19.38324646651745,1.0518765598535538,0.05426730561727942,0.803012490272522,24.186716213822365,4.000457257032394,0.007593299262225628,0.7121952772140503
NOG-FO__M-4__data_B_total-64__eta-1p0__smooth_B-8__rounds-960__runtime-bf7a41c99cdf,NOG-FO,0.01,2,1,0,960,"{""M"": 4, ""data_B_total"": 64, ""eta"": 1.0, ""smooth_B"": 8}",962,492544,246272,17.874343007802963,1.0635553747415543,0.0595017883609632,0.7922527194023132,22.656256571412086,3.98966084420681,0.007593299262225628,0.7121952772140503
NOG-FO__M-4__data_B_total-64__eta-1p0__smooth_B-8__rounds-960__runtime-bf7a41c99cdf,NOG-FO,0.01,2,2,0,960,"{""M"": 4, ""data_B_total"": 64, ""eta"": 1.0, ""smooth_B"": 8}",962,492544,246272,17.680266976356506,0.9533010721206665,0.05391892969690437,0.7741898894309998,21.421791717410088,2.9673348516225815,0.007593299262225628,0.7121952772140503
NOG-FO__M-4__data_B_total-64__eta-1p0__smooth_B-8__rounds-960__runtime-bf7a41c99cdf,NOG-FO,0.01,4,0,0,960,"{""M"": 4, ""data_B_total"": 64, ""eta"": 1.0, ""smooth_B"": 8}",962,492544,123136,26.74533674120903,2.284816950559616,0.0854286103281394,0.8656913489103317,31.723803341388702,4.1127752512693405,0.008223595097661018,0.711652934551239
NOG-FO__M-4__data_B_total-64__eta-1p0__smooth_B-8__rounds-960__runtime-bf7a41c99cdf,NOG-FO,0.01,4,1,0,960,"{""M"": 4, ""data_B_total"": 64, ""eta"": 1.0, ""smooth_B"": 8}",962,492544,123136,21.893626049160957,2.3079570531845093,0.10541684817316767,0.7986255288124084,26.863049894571304,4.1707983165979385,0.008223595097661018,0.711652934551239
NOG-FO__M-4__data_B_total-64__eta-1p0__smooth_B-8__rounds-960__runtime-bf7a41c99cdf,NOG-FO,0.01,4,2,0,960,"{""M"": 4, ""data_B_total"": 64, ""eta"": 1.0, ""smooth_B"": 8}",962,492544,123136,33.777085080742836,2.2171239405870438,0.06563988382322197,0.881879448890686,38.93319834768772,4.274233818054199,0.008223595097661018,0.711652934551239
NOG-FO__M-4__data_B_total-64__eta-1p0__smooth_B-8__rounds-960__runtime-bf7a41c99cdf,NOG-FO,0.01,8,0,0,960,"{""M"": 4, ""data_B_total"": 64, ""eta"": 1.0, ""smooth_B"": 8}",962,492544,61568,37.96453009545803,3.759514093399048,0.09902701505711052,0.8816196620464325,43.36690606176853,4.520756304264069,0.007319716736674309,0.7121021747589111
NOG-FO__M-4__data_B_total-64__eta-1p0__smooth_B-8__rounds-960__runtime-bf7a41c99cdf,NOG-FO,0.01,8,1,0,960,"{""M"": 4, ""data_B_total"": 64, ""eta"": 1.0, ""smooth_B"": 8}",962,492544,61568,43.64969690144062,3.9631777554750443,0.09079508076364771,0.8714529871940613,49.06087803840637,4.53972814977169,0.007319716736674309,0.7121021747589111
NOG-FO__M-4__data_B_total-64__eta-1p0__smooth_B-8__rounds-960__runtime-bf7a41c99cdf,NOG-FO,0.01,8,2,0,960,"{""M"": 4, ""data_B_total"": 64, ""eta"": 1.0, ""smooth_B"": 8}",962,492544,61568,32.05340349674225,3.8521082252264023,0.12017782216537198,0.8108078688383102,36.31111818552017,3.4469068199396133,0.007319716736674309,0.7121021747589111
NOG-FO__M-4__data_B_total-64__eta-1p0__smooth_B-8__rounds-960__runtime-bf7a41c99cdf,NOG-FO,0.01,16,0,0,960,"{""M"": 4, ""data_B_total"": 64, ""eta"": 1.0, ""smooth_B"": 8}",962,492544,30784,79.99636407196522,6.71957628428936,0.08399852121084389,0.9133498072624207,89.71163892745972,8.801925048232079,0.007124398369342089,0.711819052696228
NOG-FO__M-4__data_B_total-64__eta-1p0__smooth_B-8__rounds-960__runtime-bf7a41c99cdf,NOG-FO,0.01,16,1,0,960,"{""M"": 4, ""data_B_total"": 64, ""eta"": 1.0, ""smooth_B"": 8}",962,492544,30784,51.81267195940018,6.626477867364883,0.12789299638044754,0.8467589467763901,56.944626584649086,4.285195678472519,0.007124398369342089,0.711819052696228
NOG-FO__M-4__data_B_total-64__eta-1p0__smooth_B-8__rounds-960__runtime-bf7a41c99cdf,NOG-FO,0.01,16,2,0,960,"{""M"": 4, ""data_B_total"": 64, ""eta"": 1.0, ""smooth_B"": 8}",962,492544,30784,53.08787702023983,6.068108886480331,0.11430309944710836,0.8528267294168472,58.71836172044277,4.777657970786095,0.007124398369342089,0.711819052696228
NOG-FO__M-4__data_B_total-64__eta-1p0__smooth_B-8__rounds-960__runtime-bf7a41c99cdf,NOG-FO,0.01,32,0,0,960,"{""M"": 4, ""data_B_total"": 64, ""eta"": 1.0, ""smooth_B"": 8}",962,492544,15392,90.58371821045876,12.7072314620018,0.14028162801264465,0.8775784820318222,98.044432669878,6.583135977387428,0.007165192160755396,0.7120137214660645
NOG-FO__M-4__data_B_total-64__eta-1p0__smooth_B-8__rounds-960__runtime-bf7a41c99cdf,NOG-FO,0.01,32,1,0,960,"{""M"": 4, ""data_B_total"": 64, ""eta"": 1.0, ""smooth_B"": 8}",962,492544,15392,88.65386909246445,13.140778928995132,0.14822566757114153,0.8652330935001373,96.14521557092667,6.626113384962082,0.007165192160755396,0.7120137214660645
NOG-FO__M-4__data_B_total-64__eta-1p0__smooth_B-8__rounds-960__runtime-bf7a41c99cdf,NOG-FO,0.01,32,2,0,960,"{""M"": 4, ""data_B_total"": 64, ""eta"": 1.0, ""smooth_B"": 8}",962,492544,15392,90.74871821701527,13.17120449244976,0.14513928958150482,0.8725029826164246,98.49479068815708,6.873569488525391,0.007165192160755396,0.7120137214660645
ME-DOL-FO__epoch_length-12__theory_multiplier-10p0__rounds-1920__runtime-f1b9b7cb1027,ME-DOL-FO,0.009,1,0,0,1920,"{""epoch_length"": 12, ""theory_multiplier"": 10.0}",1920,1920,1920,116.6138966679573,0.2681717574596405,0.0022996552308274564,2.010729745030403,121.57109671831131,2.9464703053236008,0.010643712244927883,0.7208289504051208
ME-DOL-FO__epoch_length-12__theory_multiplier-10p0__rounds-1920__runtime-f1b9b7cb1027,ME-DOL-FO,0.009,1,1,0,1920,"{""epoch_length"": 12, ""theory_multiplier"": 10.0}",1920,1920,1920,16.655969187617302,0.22379833459854126,0.013436524292139162,1.5631043612957,21.150362819433212,2.9312892705202103,0.010643712244927883,0.7208289504051208
ME-DOL-FO__epoch_length-12__theory_multiplier-10p0__rounds-1920__runtime-f1b9b7cb1027,ME-DOL-FO,0.009,1,2,0,1920,"{""epoch_length"": 12, ""theory_multiplier"": 10.0}",1920,1920,1920,17.225471153855324,0.22318649291992188,0.012956771453532598,1.5907289236783981,21.76975344121456,2.9535533636808395,0.010643712244927883,0.7208289504051208
ME-DOL-FO__epoch_length-12__theory_multiplier-10p0__rounds-1920__runtime-f1b9b7cb1027,ME-DOL-FO,0.009,2,0,0,1920,"{""epoch_length"": 12, ""theory_multiplier"": 10.0}",1920,3840,1920,27.602379336953163,1.4710234254598618,0.0532933558916243,1.6202588081359863,32.30230502784252,3.079666882753372,0.010375713929533958,0.7184750437736511
ME-DOL-FO__epoch_length-12__theory_multiplier-10p0__rounds-1920__runtime-f1b9b7cb1027,ME-DOL-FO,0.009,2,1,0,1920,"{""epoch_length"": 12, ""theory_multiplier"": 10.0}",1920,3840,1920,24.120694547891617,1.3811006993055344,0.05725791587648358,1.6073380410671234,29.72813668847084,4.0001040995121,0.010375713929533958,0.7184750437736511
ME-DOL-FO__epoch_length-12__theory_multiplier-10p0__rounds-1920__runtime-f1b9b7cb1027,ME-DOL-FO,0.009,2,2,0,1920,"{""epoch_length"": 12, ""theory_multiplier"": 10.0}",1920,3840,1920,28.650084421038628,1.40749953687191,0.049127238725982264,1.6770906150341034,34.39700862765312,4.069833591580391,0.010375713929533958,0.7184750437736511
ME-DOL-FO__epoch_length-12__theory_multiplier-10p0__rounds-1920__runtime-f1b9b7cb1027,ME-DOL-FO,0.009,4,0,0,1920,"{""epoch_length"": 12, ""theory_multiplier"": 10.0}",1920,7680,1920,36.77763286232948,2.991895020008087,0.08135094042641931,1.6671114414930344,42.69058778882027,4.245843484997749,0.009403219446539879,0.7178699374198914
ME-DOL-FO__epoch_length-12__theory_multiplier-10p0__rounds-1920__runtime-f1b9b7cb1027,ME-DOL-FO,0.009,4,1,0,1920,"{""epoch_length"": 12, ""theory_multiplier"": 10.0}",1920,7680,1920,30.4020444303751,3.069656655192375,0.10096875761833435,1.6786385029554367,36.28441569209099,4.203732758760452,0.009403219446539879,0.7178699374198914
ME-DOL-FO__epoch_length-12__theory_multiplier-10p0__rounds-1920__runtime-f1b9b7cb1027,ME-DOL-FO,0.009,4,2,0,1920,"{""epoch_length"": 12, ""theory_multiplier"": 10.0}",1920,7680,1920,59.975331246852875,3.201583221554756,0.05338166801242561,1.7877110689878464,66.08424654603004,4.321204230189323,0.009403219446539879,0.7178699374198914
ME-DOL-FO__epoch_length-12__theory_multiplier-10p0__rounds-1920__runtime-f1b9b7cb1027,ME-DOL-FO,0.009,8,0,0,1920,"{""epoch_length"": 12, ""theory_multiplier"": 10.0}",1920,15360,1920,66.95519396662712,6.0238939225673676,0.0899690310145303,1.7877840846776962,73.36006589233875,4.6170878410339355,0.008007253520190716,0.7178918123245239
ME-DOL-FO__epoch_length-12__theory_multiplier-10p0__rounds-1920__runtime-f1b9b7cb1027,ME-DOL-FO,0.009,8,1,0,1920,"{""epoch_length"": 12, ""theory_multiplier"": 10.0}",1920,15360,1920,51.25992260873318,5.502380430698395,0.10734273776997376,1.734706923365593,57.50577461719513,4.511145085096359,0.008007253520190716,0.7178918123245239
ME-DOL-FO__epoch_length-12__theory_multiplier-10p0__rounds-1920__runtime-f1b9b7cb1027,ME-DOL-FO,0.009,8,2,0,1920,"{""epoch_length"": 12, ""theory_multiplier"": 10.0}",1920,15360,1920,54.09659779071808,5.404190301895142,0.09989889424843637,1.6989363431930542,59.6000185161829,3.8044843822717667,0.008007253520190716,0.7178918123245239
ME-DOL-FO__epoch_length-12__theory_multiplier-10p0__rounds-1920__runtime-f1b9b7cb1027,ME-DOL-FO,0.009,16,0,0,1920,"{""epoch_length"": 12, ""theory_multiplier"": 10.0}",1920,30720,1920,118.70729157328606,12.011424079537392,0.10118522561119951,1.9197685271501541,126.52179265022278,5.894732549786568,0.00698100496083498,0.7177784442901611
ME-DOL-FO__epoch_length-12__theory_multiplier-10p0__rounds-1920__runtime-f1b9b7cb1027,ME-DOL-FO,0.009,16,1,0,1920,"{""epoch_length"": 12, ""theory_multiplier"": 10.0}",1920,30720,1920,90.24749924242496,11.674516648054123,0.12936110968231662,1.8187563866376877,97.49452944099903,5.4282738119363785,0.00698100496083498,0.7177784442901611
ME-DOL-FO__epoch_length-12__theory_multiplier-10p0__rounds-1920__runtime-f1b9b7cb1027,ME-DOL-FO,0.009,16,2,0,1920,"{""epoch_length"": 12, ""theory_multiplier"": 10.0}",1920,30720,1920,93.4490001052618,11.142632156610489,0.11923757497736014,1.8659340143203735,99.77454125881195,4.4596071392297745,0.00698100496083498,0.7177784442901611
ME-DOL-FO__epoch_length-12__theory_multiplier-10p0__rounds-1920__runtime-f1b9b7cb1027,ME-DOL-FO,0.009,32,0,0,1920,"{""epoch_length"": 12, ""theory_multiplier"": 10.0}",1920,61440,1920,164.86241944134235,24.044896215200424,0.1458482551492309,2.1628577262163162,174.00975342094898,6.984476253390312,0.007243712432682514,0.7177637815475464
ME-DOL-FO__epoch_length-12__theory_multiplier-10p0__rounds-1920__runtime-f1b9b7cb1027,ME-DOL-FO,0.009,32,1,0,1920,"{""epoch_length"": 12, ""theory_multiplier"": 10.0}",1920,61440,1920,167.87476873397827,24.883801817893982,0.1482283609714212,2.085196778178215,177.02601844072342,7.066052928566933,0.007243712432682514,0.7177637815475464
ME-DOL-FO__epoch_length-12__theory_multiplier-10p0__rounds-1920__runtime-f1b9b7cb1027,ME-DOL-FO,0.009,32,2,0,1920,"{""epoch_length"": 12, ""theory_multiplier"": 10.0}",1920,61440,1920,163.12946662306786,24.19634500145912,0.14832602289669694,2.110686406493187,172.75806026160717,7.517907232046127,0.007243712432682514,0.7177637815475464
NOG-FO__M-4__data_B_total-64__eta-1p0__smooth_B-4__rounds-960__runtime-be6f4a373a71,NOG-FO,0.009,1,0,0,960,"{""M"": 4, ""data_B_total"": 64, ""eta"": 1.0, ""smooth_B"": 4}",962,246272,246272,11.990156441926956,0.1270606964826584,0.010597084124637016,0.7881904095411301,15.781313940882683,3.0029670894145966,0.007557247765362263,0.714524507522583
NOG-FO__M-4__data_B_total-64__eta-1p0__smooth_B-4__rounds-960__runtime-be6f4a373a71,NOG-FO,0.009,1,1,0,960,"{""M"": 4, ""data_B_total"": 64, ""eta"": 1.0, ""smooth_B"": 4}",962,246272,246272,10.306334376335144,0.11632758378982544,0.011286998805019429,0.7841539978981018,14.034083217382431,2.943594843149185,0.007557247765362263,0.714524507522583
NOG-FO__M-4__data_B_total-64__eta-1p0__smooth_B-4__rounds-960__runtime-be6f4a373a71,NOG-FO,0.009,1,2,0,960,"{""M"": 4, ""data_B_total"": 64, ""eta"": 1.0, ""smooth_B"": 4}",962,246272,246272,10.45216603577137,0.10930469632148743,0.010457611938750716,0.7870483100414276,14.279414549469948,3.0402002036571503,0.007557247765362263,0.714524507522583
NOG-FO__M-4__data_B_total-64__eta-1p0__smooth_B-4__rounds-960__runtime-be6f4a373a71,NOG-FO,0.009,2,0,0,960,"{""M"": 4, ""data_B_total"": 64, ""eta"": 1.0, ""smooth_B"": 4}",962,246272,123136,21.445611894130707,0.8859242796897888,0.04131028221825888,0.8457349389791489,25.35059291124344,3.059246078133583,0.007719696499407291,0.7145770788192749
NOG-FO__M-4__data_B_total-64__eta-1p0__smooth_B-4__rounds-960__runtime-be6f4a373a71,NOG-FO,0.009,2,1,0,960,"{""M"": 4, ""data_B_total"": 64, ""eta"": 1.0, ""smooth_B"": 4}",962,246272,123136,15.730183064937592,0.7969577312469482,0.050664237533468916,0.8379175961017609,20.523642256855965,3.9555415958166122,0.007719696499407291,0.7145770788192749
NOG-FO__M-4__data_B_total-64__eta-1p0__smooth_B-4__rounds-960__runtime-be6f4a373a71,NOG-FO,0.009,2,2,0,960,"{""M"": 4, ""data_B_total"": 64, ""eta"": 1.0, ""smooth_B"": 4}",962,246272,123136,15.291927292943,0.8909172117710114,0.05826062305319464,0.8442811220884323,20.22580648958683,4.089598074555397,0.007719696499407291,0.7145770788192749
NOG-FO__M-4__data_B_total-64__eta-1p0__smooth_B-4__rounds-960__runtime-be6f4a373a71,NOG-FO,0.009,4,0,0,960,"{""M"": 4, ""data_B_total"": 64, ""eta"": 1.0, ""smooth_B"": 4}",962,246272,61568,22.671324715018272,2.022297352552414,0.08920066991995285,0.8326055854558945,26.958874553442,3.4549442529678345,0.008910506963729858,0.7143350839614868
NOG-FO__M-4__data_B_total-64__eta-1p0__smooth_B-4__rounds-960__runtime-be6f4a373a71,NOG-FO,0.009,4,1,0,960,"{""M"": 4, ""data_B_total"": 64, ""eta"": 1.0, ""smooth_B"": 4}",962,246272,61568,18.77779385447502,1.7688737958669662,0.09420029901145272,0.7934256047010422,23.76801446080208,4.196795001626015,0.008910506963729858,0.7143350839614868
NOG-FO__M-4__data_B_total-64__eta-1p0__smooth_B-4__rounds-960__runtime-be6f4a373a71,NOG-FO,0.009,4,2,0,960,"{""M"": 4, ""data_B_total"": 64, ""eta"": 1.0, ""smooth_B"": 4}",962,246272,61568,31.79708917438984,1.8489549607038498,0.05814856040951836,0.9103734493255615,36.0243419110775,3.3168792873620987,0.008910506963729858,0.7143350839614868
NOG-FO__M-4__data_B_total-64__eta-1p0__smooth_B-4__rounds-960__runtime-be6f4a373a71,NOG-FO,0.009,8,0,0,960,"{""M"": 4, ""data_B_total"": 64, ""eta"": 1.0, ""smooth_B"": 4}",962,246272,30784,38.94562128186226,3.4378661662340164,0.08827349655955029,0.9085688143968582,44.46410335600376,4.609913259744644,0.0075017549097537994,0.7144758701324463
NOG-FO__M-4__data_B_total-64__eta-1p0__smooth_B-4__rounds-960__runtime-be6f4a373a71,NOG-FO,0.009,8,1,0,960,"{""M"": 4, ""data_B_total"": 64, ""eta"": 1.0, ""smooth_B"": 4}",962,246272,30784,37.93226459622383,3.4054165482521057,0.08977625207726501,0.8879133611917496,43.29652318358421,4.4763452261686325,0.0075017549097537994,0.7144758701324463
NOG-FO__M-4__data_B_total-64__eta-1p0__smooth_B-4__rounds-960__runtime-be6f4a373a71,NOG-FO,0.009,8,2,0,960,"{""M"": 4, ""data_B_total"": 64, ""eta"": 1.0, ""smooth_B"": 4}",962,246272,30784,28.315039470791817,3.3115025013685226,0.11695207081679967,0.8454528003931046,33.5549153983593,4.394423127174377,0.0075017549097537994,0.7144758701324463
NOG-FO__M-4__data_B_total-64__eta-1p0__smooth_B-4__rounds-960__runtime-be6f4a373a71,NOG-FO,0.009,16,0,0,960,"{""M"": 4, ""data_B_total"": 64, ""eta"": 1.0, ""smooth_B"": 4}",962,246272,15392,69.9765061289072,6.40631477534771,0.09154950896728566,0.8731093406677246,75.69147709012032,4.841861620545387,0.007397039793431759,0.7143008708953857
NOG-FO__M-4__data_B_total-64__eta-1p0__smooth_B-4__rounds-960__runtime-be6f4a373a71,NOG-FO,0.009,16,1,0,960,"{""M"": 4, ""data_B_total"": 64, ""eta"": 1.0, ""smooth_B"": 4}",962,246272,15392,159.7247133553028,7.011830613017082,0.04389947219638752,1.1635290682315826,166.12007907032967,5.231836646795273,0.007397039793431759,0.7143008708953857
NOG-FO__M-4__data_B_total-64__eta-1p0__smooth_B-4__rounds-960__runtime-be6f4a373a71,NOG-FO,0.009,16,2,0,960,"{""M"": 4, ""data_B_total"": 64, ""eta"": 1.0, ""smooth_B"": 4}",962,246272,15392,51.961151003837585,5.796380504965782,0.1115521960731334,0.867466002702713,57.96902199089527,5.140404984354973,0.007397039793431759,0.7143008708953857
NOG-FO__M-4__data_B_total-64__eta-1p0__smooth_B-4__rounds-960__runtime-be6f4a373a71,NOG-FO,0.009,32,0,0,960,"{""M"": 4, ""data_B_total"": 64, ""eta"": 1.0, ""smooth_B"": 4}",962,246272,7696,87.37747846543789,12.715592548251152,0.1455248282688862,0.9224683940410614,95.1162983328104,6.816351473331451,0.007708754390478134,0.7144131064414978
NOG-FO__M-4__data_B_total-64__eta-1p0__smooth_B-4__rounds-960__runtime-be6f4a373a71,NOG-FO,0.009,32,1,0,960,"{""M"": 4, ""data_B_total"": 64, ""eta"": 1.0, ""smooth_B"": 4}",962,246272,7696,88.87142676115036,12.038849920034409,0.13546367329501594,0.8898875862360001,96.16346469521523,6.402150347828865,0.007708754390478134,0.7144131064414978
NOG-FO__M-4__data_B_total-64__eta-1p0__smooth_B-4__rounds-960__runtime-be6f4a373a71,NOG-FO,0.009,32,2,0,960,"{""M"": 4, ""data_B_total"": 64, ""eta"": 1.0, ""smooth_B"": 4}",962,246272,7696,90.0908278375864,12.722451150417328,0.14121805133540408,0.8900474309921265,97.50297258794308,6.522097319364548,0.007708754390478134,0.7144131064414978
ME-DOL-FO__epoch_length-12__theory_multiplier-10p0__rounds-1920__runtime-f1b9b7cb1027,ME-DOL-FO,0.008,1,0,0,1920,"{""epoch_length"": 12, ""theory_multiplier"": 10.0}",1920,1920,1920,116.6138966679573,0.2681717574596405,0.0022996552308274564,2.010729745030403,121.57109671831131,2.9464703053236008,0.010643712244927883,0.7208289504051208
ME-DOL-FO__epoch_length-12__theory_multiplier-10p0__rounds-1920__runtime-f1b9b7cb1027,ME-DOL-FO,0.008,1,1,0,1920,"{""epoch_length"": 12, ""theory_multiplier"": 10.0}",1920,1920,1920,16.655969187617302,0.22379833459854126,0.013436524292139162,1.5631043612957,21.150362819433212,2.9312892705202103,0.010643712244927883,0.7208289504051208
ME-DOL-FO__epoch_length-12__theory_multiplier-10p0__rounds-1920__runtime-f1b9b7cb1027,ME-DOL-FO,0.008,1,2,0,1920,"{""epoch_length"": 12, ""theory_multiplier"": 10.0}",1920,1920,1920,17.225471153855324,0.22318649291992188,0.012956771453532598,1.5907289236783981,21.76975344121456,2.9535533636808395,0.010643712244927883,0.7208289504051208
ME-DOL-FO__epoch_length-12__theory_multiplier-10p0__rounds-1920__runtime-f1b9b7cb1027,ME-DOL-FO,0.008,2,0,0,1920,"{""epoch_length"": 12, ""theory_multiplier"": 10.0}",1920,3840,1920,27.602379336953163,1.4710234254598618,0.0532933558916243,1.6202588081359863,32.30230502784252,3.079666882753372,0.010375713929533958,0.7184750437736511
ME-DOL-FO__epoch_length-12__theory_multiplier-10p0__rounds-1920__runtime-f1b9b7cb1027,ME-DOL-FO,0.008,2,1,0,1920,"{""epoch_length"": 12, ""theory_multiplier"": 10.0}",1920,3840,1920,24.120694547891617,1.3811006993055344,0.05725791587648358,1.6073380410671234,29.72813668847084,4.0001040995121,0.010375713929533958,0.7184750437736511
ME-DOL-FO__epoch_length-12__theory_multiplier-10p0__rounds-1920__runtime-f1b9b7cb1027,ME-DOL-FO,0.008,2,2,0,1920,"{""epoch_length"": 12, ""theory_multiplier"": 10.0}",1920,3840,1920,28.650084421038628,1.40749953687191,0.049127238725982264,1.6770906150341034,34.39700862765312,4.069833591580391,0.010375713929533958,0.7184750437736511
ME-DOL-FO__epoch_length-12__theory_multiplier-10p0__rounds-1920__runtime-f1b9b7cb1027,ME-DOL-FO,0.008,4,0,0,1920,"{""epoch_length"": 12, ""theory_multiplier"": 10.0}",1920,7680,1920,36.77763286232948,2.991895020008087,0.08135094042641931,1.6671114414930344,42.69058778882027,4.245843484997749,0.009403219446539879,0.7178699374198914
ME-DOL-FO__epoch_length-12__theory_multiplier-10p0__rounds-1920__runtime-f1b9b7cb1027,ME-DOL-FO,0.008,4,1,0,1920,"{""epoch_length"": 12, ""theory_multiplier"": 10.0}",1920,7680,1920,30.4020444303751,3.069656655192375,0.10096875761833435,1.6786385029554367,36.28441569209099,4.203732758760452,0.009403219446539879,0.7178699374198914
ME-DOL-FO__epoch_length-12__theory_multiplier-10p0__rounds-1920__runtime-f1b9b7cb1027,ME-DOL-FO,0.008,4,2,0,1920,"{""epoch_length"": 12, ""theory_multiplier"": 10.0}",1920,7680,1920,59.975331246852875,3.201583221554756,0.05338166801242561,1.7877110689878464,66.08424654603004,4.321204230189323,0.009403219446539879,0.7178699374198914
ME-DOL-FO__epoch_length-12__theory_multiplier-10p0__rounds-1920__runtime-f1b9b7cb1027,ME-DOL-FO,0.008,8,0,0,1920,"{""epoch_length"": 12, ""theory_multiplier"": 10.0}",1920,15360,1920,66.95519396662712,6.0238939225673676,0.0899690310145303,1.7877840846776962,73.36006589233875,4.6170878410339355,0.008007253520190716,0.7178918123245239
ME-DOL-FO__epoch_length-12__theory_multiplier-10p0__rounds-1920__runtime-f1b9b7cb1027,ME-DOL-FO,0.008,8,1,0,1920,"{""epoch_length"": 12, ""theory_multiplier"": 10.0}",1920,15360,1920,51.25992260873318,5.502380430698395,0.10734273776997376,1.734706923365593,57.50577461719513,4.511145085096359,0.008007253520190716,0.7178918123245239
ME-DOL-FO__epoch_length-12__theory_multiplier-10p0__rounds-1920__runtime-f1b9b7cb1027,ME-DOL-FO,0.008,8,2,0,1920,"{""epoch_length"": 12, ""theory_multiplier"": 10.0}",1920,15360,1920,54.09659779071808,5.404190301895142,0.09989889424843637,1.6989363431930542,59.6000185161829,3.8044843822717667,0.008007253520190716,0.7178918123245239
ME-DOL-FO__epoch_length-12__theory_multiplier-10p0__rounds-1920__runtime-f1b9b7cb1027,ME-DOL-FO,0.008,16,0,0,1920,"{""epoch_length"": 12, ""theory_multiplier"": 10.0}",1920,30720,1920,118.70729157328606,12.011424079537392,0.10118522561119951,1.9197685271501541,126.52179265022278,5.894732549786568,0.00698100496083498,0.7177784442901611
ME-DOL-FO__epoch_length-12__theory_multiplier-10p0__rounds-1920__runtime-f1b9b7cb1027,ME-DOL-FO,0.008,16,1,0,1920,"{""epoch_length"": 12, ""theory_multiplier"": 10.0}",1920,30720,1920,90.24749924242496,11.674516648054123,0.12936110968231662,1.8187563866376877,97.49452944099903,5.4282738119363785,0.00698100496083498,0.7177784442901611
ME-DOL-FO__epoch_length-12__theory_multiplier-10p0__rounds-1920__runtime-f1b9b7cb1027,ME-DOL-FO,0.008,16,2,0,1920,"{""epoch_length"": 12, ""theory_multiplier"": 10.0}",1920,30720,1920,93.4490001052618,11.142632156610489,0.11923757497736014,1.8659340143203735,99.77454125881195,4.4596071392297745,0.00698100496083498,0.7177784442901611
ME-DOL-FO__epoch_length-12__theory_multiplier-10p0__rounds-1920__runtime-f1b9b7cb1027,ME-DOL-FO,0.008,32,0,0,1920,"{""epoch_length"": 12, ""theory_multiplier"": 10.0}",1920,61440,1920,164.86241944134235,24.044896215200424,0.1458482551492309,2.1628577262163162,174.00975342094898,6.984476253390312,0.007243712432682514,0.7177637815475464
ME-DOL-FO__epoch_length-12__theory_multiplier-10p0__rounds-1920__runtime-f1b9b7cb1027,ME-DOL-FO,0.008,32,1,0,1920,"{""epoch_length"": 12, ""theory_multiplier"": 10.0}",1920,61440,1920,167.87476873397827,24.883801817893982,0.1482283609714212,2.085196778178215,177.02601844072342,7.066052928566933,0.007243712432682514,0.7177637815475464
ME-DOL-FO__epoch_length-12__theory_multiplier-10p0__rounds-1920__runtime-f1b9b7cb1027,ME-DOL-FO,0.008,32,2,0,1920,"{""epoch_length"": 12, ""theory_multiplier"": 10.0}",1920,61440,1920,163.12946662306786,24.19634500145912,0.14832602289669694,2.110686406493187,172.75806026160717,7.517907232046127,0.007243712432682514,0.7177637815475464
NOG-FO__M-8__data_B_total-64__eta-1p0__smooth_B-8__rounds-960__runtime-cbb2f9ab5aca,NOG-FO,0.008,1,0,0,960,"{""M"": 8, ""data_B_total"": 64, ""eta"": 1.0, ""smooth_B"": 8}",962,492544,492544,13.38303816318512,0.11992508172988892,0.008960975846260842,0.7783123105764389,17.082748889923096,2.921398416161537,0.007304214872419834,0.7155826687812805
NOG-FO__M-8__data_B_total-64__eta-1p0__smooth_B-8__rounds-960__runtime-cbb2f9ab5aca,NOG-FO,0.008,1,1,0,960,"{""M"": 8, ""data_B_total"": 64, ""eta"": 1.0, ""smooth_B"": 8}",962,492544,492544,12.753330916166306,0.11968976259231567,0.009384980549716248,0.7566409409046173,16.430874675512314,2.920902818441391,0.007304214872419834,0.7155826687812805
NOG-FO__M-8__data_B_total-64__eta-1p0__smooth_B-8__rounds-960__runtime-cbb2f9ab5aca,NOG-FO,0.008,1,2,0,960,"{""M"": 8, ""data_B_total"": 64, ""eta"": 1.0, ""smooth_B"": 8}",962,492544,492544,12.380782678723335,0.11507813632488251,0.009294899951894559,0.8035412728786469,16.13258709013462,2.9482631385326385,0.007304214872419834,0.7155826687812805
NOG-FO__M-8__data_B_total-64__eta-1p0__smooth_B-8__rounds-960__runtime-cbb2f9ab5aca,NOG-FO,0.008,2,0,0,960,"{""M"": 8, ""data_B_total"": 64, ""eta"": 1.0, ""smooth_B"": 8}",962,492544,246272,19.71516241133213,1.0314710140228271,0.052318666846484875,0.7851340919733047,24.523216545581818,4.0229200422763824,0.007297162432223558,0.7156515717506409
NOG-FO__M-8__data_B_total-64__eta-1p0__smooth_B-8__rounds-960__runtime-cbb2f9ab5aca,NOG-FO,0.008,2,1,0,960,"{""M"": 8, ""data_B_total"": 64, ""eta"": 1.0, ""smooth_B"": 8}",962,492544,246272,17.751022830605507,0.9965903759002686,0.05614270148884,0.781829908490181,22.48639003932476,3.9535373002290726,0.007297162432223558,0.7156515717506409
NOG-FO__M-8__data_B_total-64__eta-1p0__smooth_B-8__rounds-960__runtime-cbb2f9ab5aca,NOG-FO,0.008,2,2,0,960,"{""M"": 8, ""data_B_total"": 64, ""eta"": 1.0, ""smooth_B"": 8}",962,492544,246272,17.617354661226273,1.0239625424146652,0.058122377740869716,0.7960768640041351,21.426732897758484,3.013301372528076,0.007297162432223558,0.7156515717506409
NOG-FO__M-8__data_B_total-64__eta-1p0__smooth_B-8__rounds-960__runtime-cbb2f9ab5aca,NOG-FO,0.008,4,0,0,960,"{""M"": 8, ""data_B_total"": 64, ""eta"": 1.0, ""smooth_B"": 8}",962,492544,123136,25.144091561436653,2.233115494251251,0.0888127331542241,0.8376870006322861,30.16425159573555,4.182473033666611,0.007204555440694094,0.7155187726020813
NOG-FO__M-8__data_B_total-64__eta-1p0__smooth_B-8__rounds-960__runtime-cbb2f9ab5aca,NOG-FO,0.008,4,1,0,960,"{""M"": 8, ""data_B_total"": 64, ""eta"": 1.0, ""smooth_B"": 8}",962,492544,123136,22.408825173974037,2.275852859020233,0.10156056113389847,0.8012341409921646,27.34946022927761,4.139400914311409,0.007204555440694094,0.7155187726020813
NOG-FO__M-8__data_B_total-64__eta-1p0__smooth_B-8__rounds-960__runtime-cbb2f9ab5aca,NOG-FO,0.008,4,2,0,960,"{""M"": 8, ""data_B_total"": 64, ""eta"": 1.0, ""smooth_B"": 8}",962,492544,123136,43.99673420190811,2.3295224756002426,0.05294762254192977,0.9181663542985916,49.1142822355032,4.1993816792964935,0.007204555440694094,0.7155187726020813
NOG-FO__M-8__data_B_total-64__eta-1p0__smooth_B-8__rounds-960__runtime-cbb2f9ab5aca,NOG-FO,0.008,8,0,0,960,"{""M"": 8, ""data_B_total"": 64, ""eta"": 1.0, ""smooth_B"": 8}",962,492544,61568,49.4158988147974,3.987963929772377,0.08070204176025625,0.9511315077543259,55.050802797079086,4.683772474527359,0.006818064022809267,0.7155718803405762
NOG-FO__M-8__data_B_total-64__eta-1p0__smooth_B-8__rounds-960__runtime-cbb2f9ab5aca,NOG-FO,0.008,8,1,0,960,"{""M"": 8, ""data_B_total"": 64, ""eta"": 1.0, ""smooth_B"": 8}",962,492544,61568,34.33207248151302,4.0524662733078,0.11803733303574825,0.8639692515134811,38.78856272995472,3.592520996928215,0.006818064022809267,0.7155718803405762
NOG-FO__M-8__data_B_total-64__eta-1p0__smooth_B-8__rounds-960__runtime-cbb2f9ab5aca,NOG-FO,0.008,8,2,0,960,"{""M"": 8, ""data_B_total"": 64, ""eta"": 1.0, ""smooth_B"": 8}",962,492544,61568,34.490672171115875,3.6990758180618286,0.10724858592809942,0.823717787861824,39.60335050523281,4.288960546255112,0.006818064022809267,0.7155718803405762
NOG-FO__M-8__data_B_total-64__eta-1p0__smooth_B-8__rounds-960__runtime-cbb2f9ab5aca,NOG-FO,0.008,16,0,0,960,"{""M"": 8, ""data_B_total"": 64, ""eta"": 1.0, ""smooth_B"": 8}",962,492544,30784,76.68261367082596,6.469617709517479,0.08436876887490413,0.9837937206029892,82.64433990418911,4.977932512760162,0.006875349674373865,0.7154344916343689
NOG-FO__M-8__data_B_total-64__eta-1p0__smooth_B-8__rounds-960__runtime-cbb2f9ab5aca,NOG-FO,0.008,16,1,0,960,"{""M"": 8, ""data_B_total"": 64, ""eta"": 1.0, ""smooth_B"": 8}",962,492544,30784,57.808984130620956,6.024955362081528,0.10422178235251425,0.8633160293102264,62.90454824268818,4.232248082756996,0.006875349674373865,0.7154344916343689
NOG-FO__M-8__data_B_total-64__eta-1p0__smooth_B-8__rounds-960__runtime-cbb2f9ab5aca,NOG-FO,0.008,16,2,0,960,"{""M"": 8, ""data_B_total"": 64, ""eta"": 1.0, ""smooth_B"": 8}",962,492544,30784,126.72257307171822,6.863290414214134,0.054159967303772136,0.9294559359550476,132.6544442921877,5.002415284514427,0.006875349674373865,0.7154344916343689
NOG-FO__M-8__data_B_total-64__eta-1p0__smooth_B-8__rounds-960__runtime-cbb2f9ab5aca,NOG-FO,0.008,32,0,0,960,"{""M"": 8, ""data_B_total"": 64, ""eta"": 1.0, ""smooth_B"": 8}",962,492544,15392,96.50715111196041,12.784186229109764,0.13246879720113697,0.8684020191431046,104.40628516674042,7.030732035636902,0.007025336846709251,0.7153980135917664
NOG-FO__M-8__data_B_total-64__eta-1p0__smooth_B-8__rounds-960__runtime-cbb2f9ab5aca,NOG-FO,0.008,32,1,0,960,"{""M"": 8, ""data_B_total"": 64, ""eta"": 1.0, ""smooth_B"": 8}",962,492544,15392,92.53193645179272,12.73627881705761,0.1376419786015497,0.8702426254749298,100.02405926585197,6.621880188584328,0.007025336846709251,0.7153980135917664
NOG-FO__M-8__data_B_total-64__eta-1p0__smooth_B-8__rounds-960__runtime-cbb2f9ab5aca,NOG-FO,0.008,32,2,0,960,"{""M"": 8, ""data_B_total"": 64, ""eta"": 1.0, ""smooth_B"": 8}",962,492544,15392,94.06087049841881,12.84171736240387,0.13652560617775425,0.8797865957021713,101.76381401717663,6.823156923055649,0.007025336846709251,0.7153980135917664
