formal_config_id,method,epsilon,delta,formal_seed,worker_count,parameters,pilot_selection_status,confirmed_consecutive,hit,censored,first_hit_iteration,first_hit_depth,first_hit_total_work,first_hit_per_worker_work,first_hit_training_time,first_hit_stat_proxy,final_iteration,final_depth,final_total_work,final_per_worker_work,final_stat_proxy,end_to_end_time
ME-DOL-FO__epoch_length-12__theory_multiplier-10p0__rounds-1920__frozen-f1b9b7cb1027,ME-DOL-FO,0.01,0.1,0,8,"{""epoch_length"": 12, ""theory_multiplier"": 10.0}",full-hit,2,True,False,12,12,96,12,0.6828680634498596,0.00999381672590971,1920,1920,15360,1920,0.008007253520190716,71.45611056685448
ME-DOL-FO__epoch_length-12__theory_multiplier-10p0__rounds-1920__frozen-f1b9b7cb1027,ME-DOL-FO,0.009,0.1,0,8,"{""epoch_length"": 12, ""theory_multiplier"": 10.0}",full-hit,2,True,False,396,396,3168,396,13.60294882953167,0.008716229349374771,1920,1920,15360,1920,0.008007253520190716,71.45611056685448
ME-DOL-FO__epoch_length-12__theory_multiplier-10p0__rounds-1920__frozen-f1b9b7cb1027,ME-DOL-FO,0.008,0.1,0,8,"{""epoch_length"": 12, ""theory_multiplier"": 10.0}",full-hit,2,True,False,1164,1164,9312,1164,39.54752993583679,0.007911672815680504,1920,1920,15360,1920,0.008007253520190716,71.45611056685448
ME-DOL-FO__epoch_length-12__theory_multiplier-10p0__rounds-1920__frozen-f1b9b7cb1027,ME-DOL-FO,0.01,0.1,1,8,"{""epoch_length"": 12, ""theory_multiplier"": 10.0}",full-hit,2,True,False,252,252,2016,252,8.442956179380417,0.009982858784496784,1920,1920,15360,1920,0.008190380409359932,68.45276176929474
ME-DOL-FO__epoch_length-12__theory_multiplier-10p0__rounds-1920__frozen-f1b9b7cb1027,ME-DOL-FO,0.009,0.1,1,8,"{""epoch_length"": 12, ""theory_multiplier"": 10.0}",full-hit,2,True,False,540,540,4320,540,17.304658442735672,0.008877301588654518,1920,1920,15360,1920,0.008190380409359932,68.45276176929474
ME-DOL-FO__epoch_length-12__theory_multiplier-10p0__rounds-1920__frozen-f1b9b7cb1027,ME-DOL-FO,0.008,0.1,1,8,"{""epoch_length"": 12, ""theory_multiplier"": 10.0}",full-hit,2,False,True,,,,,,,1920,1920,15360,1920,0.008190380409359932,68.45276176929474
ME-DOL-FO__epoch_length-12__theory_multiplier-10p0__rounds-1920__frozen-f1b9b7cb1027,ME-DOL-FO,0.01,0.1,2,8,"{""epoch_length"": 12, ""theory_multiplier"": 10.0}",full-hit,2,True,False,60,60,480,60,2.057800054550171,0.009990239515900612,1920,1920,15360,1920,0.00823715515434742,69.31804466247559
ME-DOL-FO__epoch_length-12__theory_multiplier-10p0__rounds-1920__frozen-f1b9b7cb1027,ME-DOL-FO,0.009,0.1,2,8,"{""epoch_length"": 12, ""theory_multiplier"": 10.0}",full-hit,2,True,False,636,636,5088,636,20.426010355353355,0.008728708140552044,1920,1920,15360,1920,0.00823715515434742,69.31804466247559
ME-DOL-FO__epoch_length-12__theory_multiplier-10p0__rounds-1920__frozen-f1b9b7cb1027,ME-DOL-FO,0.008,0.1,2,8,"{""epoch_length"": 12, ""theory_multiplier"": 10.0}",full-hit,2,False,True,,,,,,,1920,1920,15360,1920,0.00823715515434742,69.31804466247559
ME-DOL-FO__epoch_length-12__theory_multiplier-10p0__rounds-1920__frozen-f1b9b7cb1027,ME-DOL-FO,0.01,0.1,3,8,"{""epoch_length"": 12, ""theory_multiplier"": 10.0}",full-hit,2,True,False,156,156,1248,156,5.440572157502174,0.009896690957248211,1920,1920,15360,1920,0.007863235659897327,72.02378329634666
ME-DOL-FO__epoch_length-12__theory_multiplier-10p0__rounds-1920__frozen-f1b9b7cb1027,ME-DOL-FO,0.009,0.1,3,8,"{""epoch_length"": 12, ""theory_multiplier"": 10.0}",full-hit,2,True,False,396,396,3168,396,13.914621710777283,0.008939679712057114,1920,1920,15360,1920,0.007863235659897327,72.02378329634666
ME-DOL-FO__epoch_length-12__theory_multiplier-10p0__rounds-1920__frozen-f1b9b7cb1027,ME-DOL-FO,0.008,0.1,3,8,"{""epoch_length"": 12, ""theory_multiplier"": 10.0}",full-hit,2,False,True,,,,,,,1920,1920,15360,1920,0.007863235659897327,72.02378329634666
ME-DOL-FO__epoch_length-12__theory_multiplier-10p0__rounds-1920__frozen-f1b9b7cb1027,ME-DOL-FO,0.01,0.1,4,8,"{""epoch_length"": 12, ""theory_multiplier"": 10.0}",full-hit,2,True,False,588,588,4704,588,21.25102111697197,0.009986276738345623,1920,1920,15360,1920,0.009007055312395096,75.8701540529728
ME-DOL-FO__epoch_length-12__theory_multiplier-10p0__rounds-1920__frozen-f1b9b7cb1027,ME-DOL-FO,0.009,0.1,4,8,"{""epoch_length"": 12, ""theory_multiplier"": 10.0}",full-hit,2,True,False,924,924,7392,924,34.31688591837883,0.008953411132097244,1920,1920,15360,1920,0.009007055312395096,75.8701540529728
ME-DOL-FO__epoch_length-12__theory_multiplier-10p0__rounds-1920__frozen-f1b9b7cb1027,ME-DOL-FO,0.008,0.1,4,8,"{""epoch_length"": 12, ""theory_multiplier"": 10.0}",full-hit,2,False,True,,,,,,,1920,1920,15360,1920,0.009007055312395096,75.8701540529728
ME-DOL-FO__epoch_length-24__theory_multiplier-10p0__rounds-3840__frozen-4192f5a77b5c,ME-DOL-FO,0.0075,0.1,0,8,"{""epoch_length"": 24, ""theory_multiplier"": 10.0}",pilot-infeasible-censored,2,True,False,3048,3048,24384,3048,126.19142360985279,0.007431589066982269,3840,3840,30720,3840,0.007167120464146137,159.31820067763329
ME-DOL-FO__epoch_length-24__theory_multiplier-10p0__rounds-3840__frozen-4192f5a77b5c,ME-DOL-FO,0.0075,0.1,1,8,"{""epoch_length"": 24, ""theory_multiplier"": 10.0}",pilot-infeasible-censored,2,False,True,,,,,,,3840,3840,30720,3840,0.007832998409867287,241.64997646212578
ME-DOL-FO__epoch_length-24__theory_multiplier-10p0__rounds-3840__frozen-4192f5a77b5c,ME-DOL-FO,0.0075,0.1,2,8,"{""epoch_length"": 24, ""theory_multiplier"": 10.0}",pilot-infeasible-censored,2,True,False,3336,3336,26688,3336,112.00987495481968,0.007488100789487362,3840,3840,30720,3840,0.007369808852672577,134.68785612285137
ME-DOL-FO__epoch_length-24__theory_multiplier-10p0__rounds-3840__frozen-4192f5a77b5c,ME-DOL-FO,0.0075,0.1,3,8,"{""epoch_length"": 24, ""theory_multiplier"": 10.0}",pilot-infeasible-censored,2,True,False,3720,3720,29760,3720,100.42404809594154,0.007486178074032068,3840,3840,30720,3840,0.007387212943285704,111.66160795092583
ME-DOL-FO__epoch_length-24__theory_multiplier-10p0__rounds-3840__frozen-4192f5a77b5c,ME-DOL-FO,0.0075,0.1,4,8,"{""epoch_length"": 24, ""theory_multiplier"": 10.0}",pilot-infeasible-censored,2,False,True,,,,,,,3840,3840,30720,3840,0.008506285026669502,110.45191296935081
ME-DOL-FO__epoch_length-6__theory_multiplier-10p0__rounds-1920__frozen-753f0e310e01,ME-DOL-FO,0.011,0.1,0,8,"{""epoch_length"": 6, ""theory_multiplier"": 10.0}",full-hit,2,True,False,6,6,48,6,0.43154090642929077,0.010033338330686092,1920,1920,15360,1920,0.008232464082539082,56.93790413439274
ME-DOL-FO__epoch_length-6__theory_multiplier-10p0__rounds-1920__frozen-753f0e310e01,ME-DOL-FO,0.011,0.1,1,8,"{""epoch_length"": 6, ""theory_multiplier"": 10.0}",full-hit,2,True,False,6,6,48,6,0.393706738948822,0.010938777588307858,1920,1920,15360,1920,0.008156107738614082,57.39228071272373
ME-DOL-FO__epoch_length-6__theory_multiplier-10p0__rounds-1920__frozen-753f0e310e01,ME-DOL-FO,0.011,0.1,2,8,"{""epoch_length"": 6, ""theory_multiplier"": 10.0}",full-hit,2,True,False,6,6,48,6,0.42723892629146576,0.010085673071444035,1920,1920,15360,1920,0.008740215562283993,57.16100186109543
ME-DOL-FO__epoch_length-6__theory_multiplier-10p0__rounds-1920__frozen-753f0e310e01,ME-DOL-FO,0.011,0.1,3,8,"{""epoch_length"": 6, ""theory_multiplier"": 10.0}",full-hit,2,True,False,6,6,48,6,0.3768598735332489,0.010549544356763363,1920,1920,15360,1920,0.007546091917902231,57.345455557107925
ME-DOL-FO__epoch_length-6__theory_multiplier-10p0__rounds-1920__frozen-753f0e310e01,ME-DOL-FO,0.011,0.1,4,8,"{""epoch_length"": 6, ""theory_multiplier"": 10.0}",full-hit,2,True,False,534,534,4272,534,14.332918509840965,0.01074964739382267,1920,1920,15360,1920,0.009521175175905228,58.63860985636711
NOG-FO__M-4__data_B_total-64__eta-1p0__smooth_B-4__rounds-960__frozen-be6f4a373a71,NOG-FO,0.011,0.1,0,8,"{""M"": 4, ""data_B_total"": 64, ""eta"": 1.0, ""smooth_B"": 4}",full-hit,2,True,False,4,6,1536,192,0.3838329315185547,0.009504313580691814,960,962,246272,30784,0.0075017549097537994,47.57371596992016
NOG-FO__M-4__data_B_total-64__eta-1p0__smooth_B-4__rounds-960__frozen-be6f4a373a71,NOG-FO,0.009,0.1,0,8,"{""M"": 4, ""data_B_total"": 64, ""eta"": 1.0, ""smooth_B"": 4}",full-hit,2,True,False,52,54,13824,1728,2.8395522236824036,0.008010532706975937,960,962,246272,30784,0.0075017549097537994,47.57371596992016
NOG-FO__M-4__data_B_total-64__eta-1p0__smooth_B-4__rounds-960__frozen-be6f4a373a71,NOG-FO,0.011,0.1,1,8,"{""M"": 4, ""data_B_total"": 64, ""eta"": 1.0, ""smooth_B"": 4}",full-hit,2,True,False,4,6,1536,192,0.3836110532283783,0.010472150519490242,960,962,246272,30784,0.007431202568113804,40.39877824485302
NOG-FO__M-4__data_B_total-64__eta-1p0__smooth_B-4__rounds-960__frozen-be6f4a373a71,NOG-FO,0.009,0.1,1,8,"{""M"": 4, ""data_B_total"": 64, ""eta"": 1.0, ""smooth_B"": 4}",full-hit,2,True,False,52,54,13824,1728,2.392546385526657,0.008621972054243088,960,962,246272,30784,0.007431202568113804,40.39877824485302
NOG-FO__M-4__data_B_total-64__eta-1p0__smooth_B-4__rounds-960__frozen-be6f4a373a71,NOG-FO,0.011,0.1,2,8,"{""M"": 4, ""data_B_total"": 64, ""eta"": 1.0, ""smooth_B"": 4}",full-hit,2,True,False,4,6,1536,192,0.45561768114566803,0.010039440356194973,960,962,246272,30784,0.008380805142223835,43.91342806816101
NOG-FO__M-4__data_B_total-64__eta-1p0__smooth_B-4__rounds-960__frozen-be6f4a373a71,NOG-FO,0.009,0.1,2,8,"{""M"": 4, ""data_B_total"": 64, ""eta"": 1.0, ""smooth_B"": 4}",full-hit,2,True,False,52,54,13824,1728,3.072555333375931,0.00804630946367979,960,962,246272,30784,0.008380805142223835,43.91342806816101
NOG-FO__M-4__data_B_total-64__eta-1p0__smooth_B-4__rounds-960__frozen-be6f4a373a71,NOG-FO,0.011,0.1,3,8,"{""M"": 4, ""data_B_total"": 64, ""eta"": 1.0, ""smooth_B"": 4}",full-hit,2,True,False,4,6,1536,192,0.38671039044857025,0.010797638446092606,960,962,246272,30784,0.007267031818628311,49.269592463970184
NOG-FO__M-4__data_B_total-64__eta-1p0__smooth_B-4__rounds-960__frozen-be6f4a373a71,NOG-FO,0.009,0.1,3,8,"{""M"": 4, ""data_B_total"": 64, ""eta"": 1.0, ""smooth_B"": 4}",full-hit,2,True,False,52,54,13824,1728,2.4964747726917267,0.007328716106712818,960,962,246272,30784,0.007267031818628311,49.269592463970184
NOG-FO__M-4__data_B_total-64__eta-1p0__smooth_B-4__rounds-960__frozen-be6f4a373a71,NOG-FO,0.011,0.1,4,8,"{""M"": 4, ""data_B_total"": 64, ""eta"": 1.0, ""smooth_B"": 4}",full-hit,2,True,False,52,54,13824,1728,1.707237347960472,0.00852050632238388,960,962,246272,30784,0.00784939993172884,33.54009090363979
NOG-FO__M-4__data_B_total-64__eta-1p0__smooth_B-4__rounds-960__frozen-be6f4a373a71,NOG-FO,0.009,0.1,4,8,"{""M"": 4, ""data_B_total"": 64, ""eta"": 1.0, ""smooth_B"": 4}",full-hit,2,True,False,52,54,13824,1728,1.707237347960472,0.00852050632238388,960,962,246272,30784,0.00784939993172884,33.54009090363979
NOG-FO__M-4__data_B_total-64__eta-1p0__smooth_B-8__rounds-960__frozen-bf7a41c99cdf,NOG-FO,0.01,0.1,0,8,"{""M"": 4, ""data_B_total"": 64, ""eta"": 1.0, ""smooth_B"": 8}",full-hit,2,True,False,4,6,3072,384,0.4511982500553131,0.009365656413137913,960,962,492544,61568,0.007319716736674309,37.20120431482792
NOG-FO__M-4__data_B_total-64__eta-1p0__smooth_B-8__rounds-960__frozen-bf7a41c99cdf,NOG-FO,0.01,0.1,1,8,"{""M"": 4, ""data_B_total"": 64, ""eta"": 1.0, ""smooth_B"": 8}",full-hit,2,True,False,52,54,27648,3456,1.944153070449829,0.008376937359571457,960,962,492544,61568,0.007038578856736422,37.68490858376026
NOG-FO__M-4__data_B_total-64__eta-1p0__smooth_B-8__rounds-960__frozen-bf7a41c99cdf,NOG-FO,0.01,0.1,2,8,"{""M"": 4, ""data_B_total"": 64, ""eta"": 1.0, ""smooth_B"": 8}",full-hit,2,True,False,4,6,3072,384,0.41047048568725586,0.009914877824485302,960,962,492544,61568,0.00788330752402544,37.89031724631786
NOG-FO__M-4__data_B_total-64__eta-1p0__smooth_B-8__rounds-960__frozen-bf7a41c99cdf,NOG-FO,0.01,0.1,3,8,"{""M"": 4, ""data_B_total"": 64, ""eta"": 1.0, ""smooth_B"": 8}",full-hit,2,True,False,52,54,27648,3456,2.0506599843502045,0.007027472835034132,960,962,492544,61568,0.007328330539166927,36.907222121953964
NOG-FO__M-4__data_B_total-64__eta-1p0__smooth_B-8__rounds-960__frozen-bf7a41c99cdf,NOG-FO,0.01,0.1,4,8,"{""M"": 4, ""data_B_total"": 64, ""eta"": 1.0, ""smooth_B"": 8}",full-hit,2,True,False,52,54,27648,3456,2.0202533900737762,0.00796276330947876,960,962,492544,61568,0.008073434233665466,37.33388330042362
NOG-FO__M-8__data_B_total-64__eta-1p0__smooth_B-8__rounds-960__frozen-cbb2f9ab5aca,NOG-FO,0.008,0.1,0,8,"{""M"": 8, ""data_B_total"": 64, ""eta"": 1.0, ""smooth_B"": 8}",full-hit,2,True,False,56,58,29696,3712,2.137617990374565,0.007254057563841343,960,962,492544,61568,0.006818064022809267,37.15227957069874
NOG-FO__M-8__data_B_total-64__eta-1p0__smooth_B-8__rounds-960__frozen-cbb2f9ab5aca,NOG-FO,0.0075,0.1,0,8,"{""M"": 8, ""data_B_total"": 64, ""eta"": 1.0, ""smooth_B"": 8}",full-hit,2,True,False,56,58,29696,3712,2.137617990374565,0.007254057563841343,960,962,492544,61568,0.006818064022809267,37.15227957069874
NOG-FO__M-8__data_B_total-64__eta-1p0__smooth_B-8__rounds-960__frozen-cbb2f9ab5aca,NOG-FO,0.008,0.1,1,8,"{""M"": 8, ""data_B_total"": 64, ""eta"": 1.0, ""smooth_B"": 8}",full-hit,2,True,False,104,106,54272,6784,3.74644111096859,0.007801193278282881,960,962,492544,61568,0.007575467694550753,36.509255573153496
NOG-FO__M-8__data_B_total-64__eta-1p0__smooth_B-8__rounds-960__frozen-cbb2f9ab5aca,NOG-FO,0.0075,0.1,1,8,"{""M"": 8, ""data_B_total"": 64, ""eta"": 1.0, ""smooth_B"": 8}",full-hit,2,False,True,,,,,,,960,962,492544,61568,0.007575467694550753,36.509255573153496
NOG-FO__M-8__data_B_total-64__eta-1p0__smooth_B-8__rounds-960__frozen-cbb2f9ab5aca,NOG-FO,0.008,0.1,2,8,"{""M"": 8, ""data_B_total"": 64, ""eta"": 1.0, ""smooth_B"": 8}",full-hit,2,True,False,56,58,29696,3712,2.010781928896904,0.007520376704633236,960,962,492544,61568,0.007436948362737894,103.02532887458801
NOG-FO__M-8__data_B_total-64__eta-1p0__smooth_B-8__rounds-960__frozen-cbb2f9ab5aca,NOG-FO,0.0075,0.1,2,8,"{""M"": 8, ""data_B_total"": 64, ""eta"": 1.0, ""smooth_B"": 8}",full-hit,2,True,False,104,106,54272,6784,3.5940759778022766,0.007427383214235306,960,962,492544,61568,0.007436948362737894,103.02532887458801
NOG-FO__M-8__data_B_total-64__eta-1p0__smooth_B-8__rounds-960__frozen-cbb2f9ab5aca,NOG-FO,0.008,0.1,3,8,"{""M"": 8, ""data_B_total"": 64, ""eta"": 1.0, ""smooth_B"": 8}",full-hit,2,True,False,56,58,29696,3712,2.1745251417160034,0.007115048356354237,960,962,492544,61568,0.006731826346367598,40.71845357120037
NOG-FO__M-8__data_B_total-64__eta-1p0__smooth_B-8__rounds-960__frozen-cbb2f9ab5aca,NOG-FO,0.0075,0.1,3,8,"{""M"": 8, ""data_B_total"": 64, ""eta"": 1.0, ""smooth_B"": 8}",full-hit,2,True,False,56,58,29696,3712,2.1745251417160034,0.007115048356354237,960,962,492544,61568,0.006731826346367598,40.71845357120037
NOG-FO__M-8__data_B_total-64__eta-1p0__smooth_B-8__rounds-960__frozen-cbb2f9ab5aca,NOG-FO,0.008,0.1,4,8,"{""M"": 8, ""data_B_total"": 64, ""eta"": 1.0, ""smooth_B"": 8}",full-hit,2,True,False,56,58,29696,3712,2.1550129801034927,0.007804641034454107,960,962,492544,61568,0.0074330829083919525,36.56153129041195
NOG-FO__M-8__data_B_total-64__eta-1p0__smooth_B-8__rounds-960__frozen-cbb2f9ab5aca,NOG-FO,0.0075,0.1,4,8,"{""M"": 8, ""data_B_total"": 64, ""eta"": 1.0, ""smooth_B"": 8}",full-hit,2,True,False,152,154,78848,9856,5.1483805030584335,0.0074783568270504475,960,962,492544,61568,0.0074330829083919525,36.56153129041195
