scope,method,epsilon,data_B_total,num_seeds,hit_count,hit_rate,depth_mean_hits,depth_sd_hits,work_mean_hits,work_sd_hits,capped_depth_mean,capped_work_mean,mean_final_stat_proxy
primary,NOG-FO,0.01,32,30,30,1.0,626.8,23.14333150398724,20057.6,740.5866081275917,626.8,20057.6,0.0054673326667398214
primary,ME-DOL-FO,0.01,32,30,30,1.0,289.6,25.158257710630178,9267.2,805.0642467401657,289.6,9267.2,0.007557784921179215
primary,NOG-FO,0.00975,32,30,30,1.0,631.6,23.314343668429853,20211.2,746.0589973897553,631.6,20211.2,0.0054673326667398214
primary,ME-DOL-FO,0.00975,32,30,30,1.0,295.2,28.29207272912935,9446.4,905.3463273321393,295.2,9446.4,0.007557784921179215
primary,NOG-FO,0.0095,32,30,30,1.0,641.2,27.096761481007665,20518.4,867.0963673922453,641.2,20518.4,0.0054673326667398214
primary,ME-DOL-FO,0.0095,32,30,30,1.0,301.6,31.941325518238422,9651.2,1022.1224165836295,301.6,9651.2,0.007557784921179215
primary,NOG-FO,0.00925,32,30,30,1.0,647.6,26.998850550245333,20723.2,863.9632176078507,647.6,20723.2,0.0054673326667398214
primary,ME-DOL-FO,0.00925,32,30,30,1.0,305.6,33.902090262075745,9779.2,1084.8668883864239,305.6,9779.2,0.007557784921179215
primary,NOG-FO,0.009,32,30,30,1.0,650.8,25.588790649355662,20825.6,818.8413007793812,650.8,20825.6,0.0054673326667398214
primary,ME-DOL-FO,0.009,32,30,30,1.0,313.6,35.616346498918645,10035.2,1139.7230879653966,313.6,10035.2,0.007557784921179215
primary,NOG-FO,0.00875,32,30,30,1.0,658.0,30.444975804295492,21056.0,974.2392257374557,658.0,21056.0,0.0054673326667398214
primary,ME-DOL-FO,0.00875,32,30,30,1.0,324.0,37.15392029252698,10368.0,1188.9254493608635,324.0,10368.0,0.007557784921179215
primary,NOG-FO,0.0085,32,30,30,1.0,665.2,28.525125041280532,21286.4,912.804001320977,665.2,21286.4,0.0054673326667398214
primary,ME-DOL-FO,0.0085,32,30,30,1.0,337.6,44.088938326507936,10803.2,1410.846026448254,337.6,10803.2,0.007557784921179215
primary,NOG-FO,0.00825,32,30,30,1.0,670.8,31.972401892235446,21465.6,1023.1168605515343,670.8,21465.6,0.0054673326667398214
primary,ME-DOL-FO,0.00825,32,30,30,1.0,358.4,54.19352296201533,11468.8,1734.1927347844905,358.4,11468.8,0.007557784921179215
primary,NOG-FO,0.008,32,30,30,1.0,681.2,37.894954627323365,21798.4,1212.6385480743477,681.2,21798.4,0.0054673326667398214
primary,ME-DOL-FO,0.008,32,30,30,1.0,388.8,75.47477313189053,12441.6,2415.192740220497,388.8,12441.6,0.007557784921179215
primary,NOG-FO,0.00775,32,30,30,1.0,690.8,39.936501323113355,22105.6,1277.9680423396273,690.8,22105.6,0.0054673326667398214
primary,ME-DOL-FO,0.00775,32,30,30,1.0,420.0,94.69806829038824,13440.0,3030.3381852924235,420.0,13440.0,0.007557784921179215
primary,NOG-FO,0.0075,32,30,30,1.0,705.2,40.4307837651222,22566.4,1293.7850804839104,705.2,22566.4,0.0054673326667398214
primary,ME-DOL-FO,0.0075,32,30,30,1.0,477.6,132.1090458674197,15283.2,4227.48946775743,477.6,15283.2,0.007557784921179215
diagnostic_midpoint,NOG-FO,0.007375,32,30,30,1.0,710.0,44.00626914586069,22720.0,1408.2006126675421,710.0,22720.0,0.0054673326667398214
diagnostic_midpoint,ME-DOL-FO,0.007375,64,30,30,1.0,313.6,31.471497778367542,20070.4,2014.1758578155227,313.6,20070.4,0.005799212461958329
primary,NOG-FO,0.00725,32,30,30,1.0,721.2,43.430801083546925,23078.4,1389.7856346735016,721.2,23078.4,0.0054673326667398214
primary,ME-DOL-FO,0.00725,64,30,30,1.0,314.4,31.101169730746296,20121.6,1990.474862767763,314.4,20121.6,0.005799212461958329
primary,NOG-FO,0.007,32,30,30,1.0,730.0,42.43615894737525,23360.0,1357.957086316008,730.0,23360.0,0.0054673326667398214
primary,ME-DOL-FO,0.007,64,30,30,1.0,323.2,30.704823837575614,20684.8,1965.1087256048393,323.2,20684.8,0.005799212461958329
primary,NOG-FO,0.00675,32,30,30,1.0,737.2,42.50630784832472,23590.4,1360.201851146391,737.2,23590.4,0.0054673326667398214
primary,ME-DOL-FO,0.00675,64,30,30,1.0,340.8,38.025762591822605,21811.2,2433.6488058766467,340.8,21811.2,0.005799212461958329
primary,NOG-FO,0.0065,32,30,30,1.0,752.4,53.082629147785994,24076.8,1698.6441327291518,752.4,24076.8,0.0054673326667398214
primary,ME-DOL-FO,0.0065,64,30,30,1.0,356.8,43.998746063637014,22835.2,2815.919748072769,356.8,22835.2,0.005799212461958329
primary,NOG-FO,0.00625,32,30,30,1.0,777.2,56.42596614301269,24870.4,1805.630916576406,777.2,24870.4,0.0054673326667398214
primary,ME-DOL-FO,0.00625,64,30,30,1.0,389.6,61.97307535507269,24934.4,3966.276822724652,389.6,24934.4,0.005799212461958329
primary,NOG-FO,0.006,32,30,30,1.0,815.6,90.09787781189354,26099.2,2883.1320899805933,815.6,26099.2,0.0054673326667398214
primary,ME-DOL-FO,0.006,96,30,30,1.0,345.6,48.24763706917283,33177.6,4631.773158640593,345.6,33177.6,0.004983459288875262
primary,NOG-FO,0.00575,32,30,30,1.0,851.6,104.63255905210913,27251.2,3348.241889667492,851.6,27251.2,0.0054673326667398214
primary,ME-DOL-FO,0.00575,96,30,30,1.0,357.6,51.33903536028056,34329.6,4928.5473945869335,357.6,34329.6,0.004983459288875262
primary,NOG-FO,0.0055,32,30,30,1.0,928.4,175.0746835712868,29708.8,5602.389874281178,928.4,29708.8,0.0054673326667398214
primary,ME-DOL-FO,0.0055,96,30,30,1.0,380.0,56.40249444227041,36480.0,5414.63946645796,380.0,36480.0,0.004983459288875262
primary,NOG-FO,0.00525,64,30,30,1.0,633.2,67.04316674275277,40524.8,4290.762671536178,633.2,40524.8,0.004963813458258907
primary,ME-DOL-FO,0.00525,128,30,30,1.0,359.2,43.88574507388083,45977.6,5617.375369456746,359.2,45977.6,0.004471506977764269
primary,NOG-FO,0.005,64,30,30,1.0,707.6,97.35594132021336,45286.4,6230.780244493655,707.6,45286.4,0.004963813458258907
primary,ME-DOL-FO,0.005,128,30,30,1.0,373.6,50.29677442183921,47820.8,6437.987125995419,373.6,47820.8,0.004471506977764269
primary,NOG-FO,0.00475,96,30,30,1.0,578.8,92.7341026435445,55564.8,8902.473853780273,578.8,55564.8,0.004705284046940506
primary,ME-DOL-FO,0.00475,128,30,30,1.0,424.0,81.28621208951779,54272.0,10404.635147458277,424.0,54272.0,0.004471506977764269
primary,NOG-FO,0.0045,128,30,30,1.0,550.8,110.56419573854072,70502.4,14152.217054533212,550.8,70502.4,0.004495028507274886
primary,ME-DOL-FO,0.0045,128,30,30,1.0,468.8,96.35795334280296,60006.4,12333.818027878779,468.8,60006.4,0.004471506977764269
primary,NOG-FO,0.00425,256,30,30,1.0,389.2,54.84926051744312,99635.2,14041.410692465439,389.2,99635.2,0.003980769760285815
primary,ME-DOL-FO,0.00425,192,30,30,1.0,394.4,52.23395645455695,75724.8,10028.919639274935,394.4,75724.8,0.0038765211589634418
primary,NOG-FO,0.004,256,30,30,1.0,430.0,84.57928335244863,110080.0,21652.29653822685,430.0,110080.0,0.003980769760285815
primary,ME-DOL-FO,0.004,192,30,30,1.0,456.0,73.77131486256513,87552.0,14164.092453612506,456.0,87552.0,0.0038765211589634418
