dataset,method,epsilon,hit_count,seed_count,hit_rate,first_hit_depth_mean,first_hit_depth_sd,first_hit_work_mean,first_hit_work_sd,capped_depth_mean,capped_work_mean,stage
synthetic_maxsinl1,current_NOG-nonopt,0.002,0,20,0,,,,,960,983040,formal
synthetic_maxsinl1,current_NOG-nonopt,0.003,0,20,0,,,,,960,983040,formal
synthetic_maxsinl1,current_NOG-nonopt,0.004,0,20,0,,,,,960,983040,formal
synthetic_maxsinl1,current_NOG-nonopt,0.005,0,20,0,,,,,960,983040,formal
synthetic_maxsinl1,current_NOG-nonopt,0.006,0,20,0,,,,,960,983040,formal
synthetic_maxsinl1,current_NOG-nonopt,0.007,0,20,0,,,,,960,983040,formal
synthetic_maxsinl1,current_NOG-nonopt,0.008,0,20,0,,,,,960,983040,formal
synthetic_maxsinl1,current_NOG-nonopt,0.009,0,20,0,,,,,960,983040,formal
synthetic_maxsinl1,current_NOG-nonopt,0.0095,0,20,0,,,,,960,983040,formal
synthetic_maxsinl1,current_NOG-nonopt,0.01,0,20,0,,,,,960,983040,formal
synthetic_maxsinl1,current_NOG-nonopt,0.01025,0,20,0,,,,,960,983040,formal
synthetic_maxsinl1,current_NOG-nonopt,0.0105,0,20,0,,,,,960,983040,formal
synthetic_maxsinl1,current_NOG-nonopt,0.01075,0,20,0,,,,,960,983040,formal
synthetic_maxsinl1,current_NOG-nonopt,0.011,0,20,0,,,,,960,983040,formal
synthetic_maxsinl1,current_NOG-nonopt,0.0115,0,20,0,,,,,960,983040,formal
synthetic_maxsinl1,current_NOG-nonopt,0.012,0,20,0,,,,,960,983040,formal
synthetic_maxsinl1,current_NOG-nonopt,0.013,0,20,0,,,,,960,983040,formal
synthetic_maxsinl1,current_NOG-nonopt,0.014,3,20,0.15,237.3333333,2.309401077,243029.3333,2364.826703,960,983040,formal
synthetic_maxsinl1,current_NOG-nonopt,0.015,14,20,0.7,238,2.601774542,243712,2664.217131,960,983040,formal
synthetic_maxsinl1,current_NOG-nonopt,0.016,18,20,0.9,236.8888889,2.193275522,242574.2222,2245.914135,960,983040,formal
synthetic_maxsinl1,current_NOG-nonopt,0.018,20,20,1,235,2.554665495,240640,2615.977467,960,983040,formal
synthetic_maxsinl1,current_NOG-nonopt,0.02,20,20,1,232.8,2.092593455,238387.2,2142.815698,960,983040,formal
synthetic_maxsinl1,current_NOG-nonopt,0.025,20,20,1,228.4,1.788854382,233881.6,1831.786887,960,983040,formal
synthetic_maxsinl1,current_NOG-nonopt,0.03,20,20,1,224.4,1.788854382,229785.6,1831.786887,960,983040,formal
synthetic_maxsinl1,current_NOG-nonopt,0.04,20,20,1,217,1.777046633,222208,1819.695752,960,983040,formal
synthetic_maxsinl1,current_NOG-nonopt,0.05,20,20,1,209.8,2.041671142,214835.2,2090.67125,960,983040,formal
synthetic_maxsinl1,current_NOG-nonopt,0.06,20,20,1,203.4,1.95744194,208281.6,2004.420546,960,983040,formal
synthetic_maxsinl1,current_NOG-nonopt,0.07,20,20,1,196.6,1.465390194,201318.4,1500.559559,960,983040,formal
synthetic_maxsinl1,current_NOG-nonopt,0.08,20,20,1,189.8,2.041671142,194355.2,2090.67125,960,983040,formal
synthetic_maxsinl1,current_NOG-nonopt,0.09,20,20,1,184.2,0.894427191,188620.8,915.8934436,960,983040,formal
synthetic_maxsinl1,current_NOG-nonopt,0.1,20,20,1,176.4,1.231174023,180633.6,1260.722199,960,983040,formal
synthetic_maxsinl1,current_NOG-nonopt,0.12,20,20,1,164,0,167936,0,960,983040,formal
synthetic_maxsinl1,current_NOG-nonopt,0.14,20,20,1,148.4,1.231174023,151961.6,1260.722199,960,983040,formal
synthetic_maxsinl1,current_NOG-nonopt,0.16,20,20,1,135,1.777046633,138240,1819.695752,960,983040,formal
synthetic_maxsinl1,current_NOG-nonopt,0.18,20,20,1,118.8,1.880649384,121651.2,1925.784969,960,983040,formal
synthetic_maxsinl1,current_NOG-nonopt,0.2,20,20,1,100.2,0.894427191,102604.8,915.8934436,960,983040,formal
synthetic_maxsinl1,current_NOG-opt,0.002,0,20,0,,,,,960,983040,formal
synthetic_maxsinl1,current_NOG-opt,0.003,0,20,0,,,,,960,983040,formal
synthetic_maxsinl1,current_NOG-opt,0.004,0,20,0,,,,,960,983040,formal
synthetic_maxsinl1,current_NOG-opt,0.005,0,20,0,,,,,960,983040,formal
synthetic_maxsinl1,current_NOG-opt,0.006,0,20,0,,,,,960,983040,formal
synthetic_maxsinl1,current_NOG-opt,0.007,0,20,0,,,,,960,983040,formal
synthetic_maxsinl1,current_NOG-opt,0.008,0,20,0,,,,,960,983040,formal
synthetic_maxsinl1,current_NOG-opt,0.009,0,20,0,,,,,960,983040,formal
synthetic_maxsinl1,current_NOG-opt,0.0095,0,20,0,,,,,960,983040,formal
synthetic_maxsinl1,current_NOG-opt,0.01,0,20,0,,,,,960,983040,formal
synthetic_maxsinl1,current_NOG-opt,0.01025,0,20,0,,,,,960,983040,formal
synthetic_maxsinl1,current_NOG-opt,0.0105,0,20,0,,,,,960,983040,formal
synthetic_maxsinl1,current_NOG-opt,0.01075,0,20,0,,,,,960,983040,formal
synthetic_maxsinl1,current_NOG-opt,0.011,0,20,0,,,,,960,983040,formal
synthetic_maxsinl1,current_NOG-opt,0.0115,0,20,0,,,,,960,983040,formal
synthetic_maxsinl1,current_NOG-opt,0.012,0,20,0,,,,,960,983040,formal
synthetic_maxsinl1,current_NOG-opt,0.013,0,20,0,,,,,960,983040,formal
synthetic_maxsinl1,current_NOG-opt,0.014,5,20,0.25,243.2,1.788854382,249036.8,1831.786887,960,983040,formal
synthetic_maxsinl1,current_NOG-opt,0.015,12,20,0.6,243,2.486326242,248832,2545.998072,960,983040,formal
synthetic_maxsinl1,current_NOG-opt,0.016,20,20,1,242,2.752988806,247808,2819.060538,960,983040,formal
synthetic_maxsinl1,current_NOG-opt,0.018,20,20,1,239.6,2.872739386,245350.4,2941.685131,960,983040,formal
synthetic_maxsinl1,current_NOG-opt,0.02,20,20,1,237,2.200478417,242688,2253.289899,960,983040,formal
synthetic_maxsinl1,current_NOG-opt,0.025,20,20,1,233,1.777046633,238592,1819.695752,960,983040,formal
synthetic_maxsinl1,current_NOG-opt,0.03,20,20,1,229,1.777046633,234496,1819.695752,960,983040,formal
synthetic_maxsinl1,current_NOG-opt,0.04,20,20,1,221.2,1.880649384,226508.8,1925.784969,960,983040,formal
synthetic_maxsinl1,current_NOG-opt,0.05,20,20,1,214.2,2.041671142,219340.8,2090.67125,960,983040,formal
synthetic_maxsinl1,current_NOG-opt,0.06,20,20,1,208.2,1.576137851,213196.8,1613.96516,960,983040,formal
synthetic_maxsinl1,current_NOG-opt,0.07,20,20,1,200.6,1.465390194,205414.4,1500.559559,960,983040,formal
synthetic_maxsinl1,current_NOG-opt,0.08,20,20,1,194.2,2.041671142,198860.8,2090.67125,960,983040,formal
synthetic_maxsinl1,current_NOG-opt,0.09,20,20,1,188.2,0.894427191,192716.8,915.8934436,960,983040,formal
synthetic_maxsinl1,current_NOG-opt,0.1,20,20,1,180.4,1.231174023,184729.6,1260.722199,960,983040,formal
synthetic_maxsinl1,current_NOG-opt,0.12,20,20,1,168,0,172032,0,960,983040,formal
synthetic_maxsinl1,current_NOG-opt,0.14,20,20,1,152.4,1.231174023,156057.6,1260.722199,960,983040,formal
synthetic_maxsinl1,current_NOG-opt,0.16,20,20,1,137.4,1.95744194,140697.6,2004.420546,960,983040,formal
synthetic_maxsinl1,current_NOG-opt,0.18,20,20,1,121.2,1.880649384,124108.8,1925.784969,960,983040,formal
synthetic_maxsinl1,current_NOG-opt,0.2,20,20,1,103.6,1.231174023,106086.4,1260.722199,960,983040,formal
synthetic_maxsinl1,latest_NOG-ZO,0.002,0,20,0,,,,,960,983040,formal
synthetic_maxsinl1,latest_NOG-ZO,0.003,0,20,0,,,,,960,983040,formal
synthetic_maxsinl1,latest_NOG-ZO,0.004,0,20,0,,,,,960,983040,formal
synthetic_maxsinl1,latest_NOG-ZO,0.005,0,20,0,,,,,960,983040,formal
synthetic_maxsinl1,latest_NOG-ZO,0.006,0,20,0,,,,,960,983040,formal
synthetic_maxsinl1,latest_NOG-ZO,0.007,0,20,0,,,,,960,983040,formal
synthetic_maxsinl1,latest_NOG-ZO,0.008,0,20,0,,,,,960,983040,formal
synthetic_maxsinl1,latest_NOG-ZO,0.009,0,20,0,,,,,960,983040,formal
synthetic_maxsinl1,latest_NOG-ZO,0.0095,0,20,0,,,,,960,983040,formal
synthetic_maxsinl1,latest_NOG-ZO,0.01,0,20,0,,,,,960,983040,formal
synthetic_maxsinl1,latest_NOG-ZO,0.01025,0,20,0,,,,,960,983040,formal
synthetic_maxsinl1,latest_NOG-ZO,0.0105,0,20,0,,,,,960,983040,formal
synthetic_maxsinl1,latest_NOG-ZO,0.01075,0,20,0,,,,,960,983040,formal
synthetic_maxsinl1,latest_NOG-ZO,0.011,0,20,0,,,,,960,983040,formal
synthetic_maxsinl1,latest_NOG-ZO,0.0115,0,20,0,,,,,960,983040,formal
synthetic_maxsinl1,latest_NOG-ZO,0.012,0,20,0,,,,,960,983040,formal
synthetic_maxsinl1,latest_NOG-ZO,0.013,0,20,0,,,,,960,983040,formal
synthetic_maxsinl1,latest_NOG-ZO,0.014,1,20,0.05,244,,249856,,960,983040,formal
synthetic_maxsinl1,latest_NOG-ZO,0.015,11,20,0.55,244,1.788854382,249856,1831.786887,960,983040,formal
synthetic_maxsinl1,latest_NOG-ZO,0.016,18,20,0.9,242,2.057983022,247808,2107.374614,960,983040,formal
synthetic_maxsinl1,latest_NOG-ZO,0.018,20,20,1,240.2,1.576137851,245964.8,1613.96516,960,983040,formal
synthetic_maxsinl1,latest_NOG-ZO,0.02,20,20,1,237.2,1.880649384,242892.8,1925.784969,960,983040,formal
synthetic_maxsinl1,latest_NOG-ZO,0.025,20,20,1,233.2,1.880649384,238796.8,1925.784969,960,983040,formal
synthetic_maxsinl1,latest_NOG-ZO,0.03,20,20,1,229.2,1.880649384,234700.8,1925.784969,960,983040,formal
synthetic_maxsinl1,latest_NOG-ZO,0.04,20,20,1,221.4,1.95744194,226713.6,2004.420546,960,983040,formal
synthetic_maxsinl1,latest_NOG-ZO,0.05,20,20,1,214.4,2.01049876,219545.6,2058.75073,960,983040,formal
synthetic_maxsinl1,latest_NOG-ZO,0.06,20,20,1,208.2,0.894427191,213196.8,915.8934436,960,983040,formal
synthetic_maxsinl1,latest_NOG-ZO,0.07,20,20,1,200.4,1.231174023,205209.6,1260.722199,960,983040,formal
synthetic_maxsinl1,latest_NOG-ZO,0.08,20,20,1,194,2.051956704,198656,2101.203665,960,983040,formal
synthetic_maxsinl1,latest_NOG-ZO,0.09,20,20,1,187.8,0.894427191,192307.2,915.8934436,960,983040,formal
synthetic_maxsinl1,latest_NOG-ZO,0.1,20,20,1,180.2,0.894427191,184524.8,915.8934436,960,983040,formal
synthetic_maxsinl1,latest_NOG-ZO,0.12,20,20,1,167.6,1.231174023,171622.4,1260.722199,960,983040,formal
synthetic_maxsinl1,latest_NOG-ZO,0.14,20,20,1,152.2,0.894427191,155852.8,915.8934436,960,983040,formal
synthetic_maxsinl1,latest_NOG-ZO,0.16,20,20,1,138.2,2.041671142,141516.8,2090.67125,960,983040,formal
synthetic_maxsinl1,latest_NOG-ZO,0.18,20,20,1,121.2,1.880649384,124108.8,1925.784969,960,983040,formal
synthetic_maxsinl1,latest_NOG-ZO,0.2,20,20,1,103.4,1.465390194,105881.6,1500.559559,960,983040,formal
a9a,current_NOG-nonopt,0.005,0,20,0,,,,,7680,983040,formal
a9a,current_NOG-nonopt,0.008,0,20,0,,,,,7680,983040,formal
a9a,current_NOG-nonopt,0.009,0,20,0,,,,,7680,983040,formal
a9a,current_NOG-nonopt,0.01,0,20,0,,,,,7680,983040,formal
a9a,current_NOG-nonopt,0.015,0,20,0,,,,,7680,983040,formal
a9a,current_NOG-nonopt,0.02,0,20,0,,,,,7680,983040,formal
a9a,current_NOG-nonopt,0.03,20,20,1,3060.6,348.6114411,391756.8,44622.26446,7680,983040,formal
a9a,current_NOG-nonopt,0.05,20,20,1,2033.4,136.7434786,260275.2,17503.16526,7680,983040,formal
a9a,current_NOG-opt,0.005,0,20,0,,,,,7680,983040,formal
a9a,current_NOG-opt,0.008,0,20,0,,,,,7680,983040,formal
a9a,current_NOG-opt,0.009,0,20,0,,,,,7680,983040,formal
a9a,current_NOG-opt,0.01,0,20,0,,,,,7680,983040,formal
a9a,current_NOG-opt,0.015,0,20,0,,,,,7680,983040,formal
a9a,current_NOG-opt,0.02,0,20,0,,,,,7680,983040,formal
a9a,current_NOG-opt,0.03,20,20,1,3094.2,302.9388682,396057.6,38776.17514,7680,983040,formal
a9a,current_NOG-opt,0.05,20,20,1,2076.6,137.1861586,265804.8,17559.8283,7680,983040,formal
a9a,latest_NOG-ZO,0.005,0,20,0,,,,,7680,983040,formal
a9a,latest_NOG-ZO,0.008,0,20,0,,,,,7680,983040,formal
a9a,latest_NOG-ZO,0.009,0,20,0,,,,,7680,983040,formal
a9a,latest_NOG-ZO,0.01,0,20,0,,,,,7680,983040,formal
a9a,latest_NOG-ZO,0.015,0,20,0,,,,,7680,983040,formal
a9a,latest_NOG-ZO,0.02,0,20,0,,,,,7680,983040,formal
a9a,latest_NOG-ZO,0.03,20,20,1,3118.2,419.5829508,399129.6,53706.61771,7680,983040,formal
a9a,latest_NOG-ZO,0.05,20,20,1,2095.8,110.559153,268262.4,14151.57159,7680,983040,formal
ijcnn1,current_NOG-nonopt,0.005,0,20,0,,,,,7680,983040,formal
ijcnn1,current_NOG-nonopt,0.008,0,20,0,,,,,7680,983040,formal
ijcnn1,current_NOG-nonopt,0.009,5,20,0.25,7126.2,335.3135846,912153.6,42920.13883,7680,983040,formal
ijcnn1,current_NOG-nonopt,0.01,6,20,0.3,6851,531.6239272,876928,68047.86269,7680,983040,formal
ijcnn1,current_NOG-nonopt,0.015,20,20,1,5359.8,378.4012908,686054.4,48435.36522,7680,983040,formal
ijcnn1,current_NOG-nonopt,0.02,20,20,1,4145.4,506.3344432,530611.2,64810.80874,7680,983040,formal
ijcnn1,current_NOG-nonopt,0.03,20,20,1,3454.2,21.46625258,442137.6,2747.680331,7680,983040,formal
ijcnn1,current_NOG-nonopt,0.05,20,20,1,3363,0,430464,0,7680,983040,formal
ijcnn1,current_NOG-opt,0.005,0,20,0,,,,,7680,983040,formal
ijcnn1,current_NOG-opt,0.008,1,20,0.05,6915,,885120,,7680,983040,formal
ijcnn1,current_NOG-opt,0.009,3,20,0.15,6915,346.1329224,885120,44305.01407,7680,983040,formal
ijcnn1,current_NOG-opt,0.01,5,20,0.25,6703.8,486.6736073,858086.4,62294.22173,7680,983040,formal
ijcnn1,current_NOG-opt,0.015,20,20,1,5359.8,374.5360077,686054.4,47940.60898,7680,983040,formal
ijcnn1,current_NOG-opt,0.02,20,20,1,4155,489.3819948,531840,62640.89534,7680,983040,formal
ijcnn1,current_NOG-opt,0.03,20,20,1,3459,0,442752,0,7680,983040,formal
ijcnn1,current_NOG-opt,0.05,20,20,1,3363,0,430464,0,7680,983040,formal
ijcnn1,latest_NOG-ZO,0.005,0,20,0,,,,,7680,983040,formal
ijcnn1,latest_NOG-ZO,0.008,0,20,0,,,,,7680,983040,formal
ijcnn1,latest_NOG-ZO,0.009,3,20,0.15,6883,387.9793809,881024,49661.36075,7680,983040,formal
ijcnn1,latest_NOG-ZO,0.01,7,20,0.35,6887.571429,302.1295843,881609.1429,38672.58679,7680,983040,formal
ijcnn1,latest_NOG-ZO,0.015,20,20,1,5398.2,559.4246669,690969.6,71606.35736,7680,983040,formal
ijcnn1,latest_NOG-ZO,0.02,20,20,1,3852.6,488.4146642,493132.8,62517.07702,7680,983040,formal
ijcnn1,latest_NOG-ZO,0.03,20,20,1,3468.6,29.54817654,443980.8,3782.166597,7680,983040,formal
ijcnn1,latest_NOG-ZO,0.05,20,20,1,3363,0,430464,0,7680,983040,formal
