stage,method,formal_seed,epsilon,hit,hit_iteration,hit_depth,hit_work,hit_epsilon,max_depth,max_work
formal,NOG-FO,620,0.2,True,144.0,146.0,1168.0,0.19093765318393707,962.0,7696.0
formal,NOG-FO,620,0.1,True,264.0,266.0,2128.0,0.09600622951984406,962.0,7696.0
formal,NOG-FO,620,0.05,True,360.0,362.0,2896.0,0.0439666211605072,962.0,7696.0
formal,NOG-FO,620,0.03,True,408.0,410.0,3280.0,0.027655942365527153,962.0,7696.0
formal,NOG-FO,620,0.02,True,456.0,458.0,3664.0,0.01743774488568306,962.0,7696.0
formal,NOG-FO,620,0.015,True,480.0,482.0,3856.0,0.012861596420407295,962.0,7696.0
formal,NOG-FO,620,0.01,True,696.0,698.0,5584.0,0.009311297908425331,962.0,7696.0
formal,NOG-FO,620,0.009,False,,,,0.009362982586026192,962.0,7696.0
formal,NOG-FO,620,0.008,False,,,,0.009362982586026192,962.0,7696.0
formal,NOG-FO,621,0.2,True,144.0,146.0,1168.0,0.1908951997756958,962.0,7696.0
formal,NOG-FO,621,0.1,True,264.0,266.0,2128.0,0.09841734170913696,962.0,7696.0
formal,NOG-FO,621,0.05,True,360.0,362.0,2896.0,0.04422212019562721,962.0,7696.0
formal,NOG-FO,621,0.03,True,432.0,434.0,3472.0,0.02629278600215912,962.0,7696.0
formal,NOG-FO,621,0.02,True,504.0,506.0,4048.0,0.018921727314591408,962.0,7696.0
formal,NOG-FO,621,0.015,True,552.0,554.0,4432.0,0.014625254087150097,962.0,7696.0
formal,NOG-FO,621,0.01,True,696.0,698.0,5584.0,0.00976633932441473,962.0,7696.0
formal,NOG-FO,621,0.009,True,888.0,890.0,7120.0,0.00891690980643034,962.0,7696.0
formal,NOG-FO,621,0.008,False,,,,0.010312973521649837,962.0,7696.0
formal,NOG-FO,622,0.2,True,144.0,146.0,1168.0,0.19406422972679138,962.0,7696.0
formal,NOG-FO,622,0.1,True,264.0,266.0,2128.0,0.09668715298175812,962.0,7696.0
formal,NOG-FO,622,0.05,True,360.0,362.0,2896.0,0.04183202609419823,962.0,7696.0
formal,NOG-FO,622,0.03,True,432.0,434.0,3472.0,0.024440836161375046,962.0,7696.0
formal,NOG-FO,622,0.02,True,456.0,458.0,3664.0,0.019570212811231613,962.0,7696.0
formal,NOG-FO,622,0.015,True,504.0,506.0,4048.0,0.013039863668382168,962.0,7696.0
formal,NOG-FO,622,0.01,True,696.0,698.0,5584.0,0.009495171718299389,962.0,7696.0
formal,NOG-FO,622,0.009,False,,,,0.008953351527452469,962.0,7696.0
formal,NOG-FO,622,0.008,False,,,,0.008953351527452469,962.0,7696.0
formal,NOG-FO,623,0.2,True,144.0,146.0,1168.0,0.19531135261058807,962.0,7696.0
formal,NOG-FO,623,0.1,True,264.0,266.0,2128.0,0.09792182594537735,962.0,7696.0
formal,NOG-FO,623,0.05,True,360.0,362.0,2896.0,0.04322203993797302,962.0,7696.0
formal,NOG-FO,623,0.03,True,408.0,410.0,3280.0,0.028617633506655693,962.0,7696.0
formal,NOG-FO,623,0.02,True,480.0,482.0,3856.0,0.015684081241488457,962.0,7696.0
formal,NOG-FO,623,0.015,True,504.0,506.0,4048.0,0.013336849398911,962.0,7696.0
formal,NOG-FO,623,0.01,True,696.0,698.0,5584.0,0.009914403781294823,962.0,7696.0
formal,NOG-FO,623,0.009,False,,,,0.010626636445522308,962.0,7696.0
formal,NOG-FO,623,0.008,False,,,,0.010626636445522308,962.0,7696.0
formal,NOG-FO,624,0.2,True,144.0,146.0,1168.0,0.19272741675376892,962.0,7696.0
formal,NOG-FO,624,0.1,True,288.0,290.0,2320.0,0.08438780158758163,962.0,7696.0
formal,NOG-FO,624,0.05,True,360.0,362.0,2896.0,0.045456837862730026,962.0,7696.0
formal,NOG-FO,624,0.03,True,432.0,434.0,3472.0,0.024435406550765038,962.0,7696.0
formal,NOG-FO,624,0.02,True,456.0,458.0,3664.0,0.01984304189682007,962.0,7696.0
formal,NOG-FO,624,0.015,True,552.0,554.0,4432.0,0.012238172814249992,962.0,7696.0
formal,NOG-FO,624,0.01,True,624.0,626.0,5008.0,0.009858645498752594,962.0,7696.0
formal,NOG-FO,624,0.009,True,672.0,674.0,5392.0,0.008997425436973572,962.0,7696.0
formal,NOG-FO,624,0.008,False,,,,0.009633921086788177,962.0,7696.0
formal,NOG-FO,625,0.2,True,144.0,146.0,1168.0,0.19161495566368103,962.0,7696.0
formal,NOG-FO,625,0.1,True,264.0,266.0,2128.0,0.09739289432764053,962.0,7696.0
formal,NOG-FO,625,0.05,True,360.0,362.0,2896.0,0.04394351318478584,962.0,7696.0
formal,NOG-FO,625,0.03,True,432.0,434.0,3472.0,0.026730341836810112,962.0,7696.0
formal,NOG-FO,625,0.02,True,480.0,482.0,3856.0,0.018273120746016502,962.0,7696.0
formal,NOG-FO,625,0.015,True,528.0,530.0,4240.0,0.013283815234899521,962.0,7696.0
formal,NOG-FO,625,0.01,True,600.0,602.0,4816.0,0.009991616010665894,962.0,7696.0
formal,NOG-FO,625,0.009,False,,,,0.009945808909833431,962.0,7696.0
formal,NOG-FO,625,0.008,False,,,,0.009945808909833431,962.0,7696.0
formal,NOG-FO,626,0.2,True,144.0,146.0,1168.0,0.1898377388715744,962.0,7696.0
formal,NOG-FO,626,0.1,True,264.0,266.0,2128.0,0.09534301608800888,962.0,7696.0
formal,NOG-FO,626,0.05,True,360.0,362.0,2896.0,0.04588620737195015,962.0,7696.0
formal,NOG-FO,626,0.03,True,432.0,434.0,3472.0,0.02544332481920719,962.0,7696.0
formal,NOG-FO,626,0.02,True,480.0,482.0,3856.0,0.017877358943223953,962.0,7696.0
formal,NOG-FO,626,0.015,True,528.0,530.0,4240.0,0.014600546099245548,962.0,7696.0
formal,NOG-FO,626,0.01,True,648.0,650.0,5200.0,0.009927045553922653,962.0,7696.0
formal,NOG-FO,626,0.009,True,816.0,818.0,6544.0,0.00811994168907404,962.0,7696.0
formal,NOG-FO,626,0.008,True,864.0,866.0,6928.0,0.007936730049550533,962.0,7696.0
formal,NOG-FO,627,0.2,True,144.0,146.0,1168.0,0.18907731771469116,962.0,7696.0
formal,NOG-FO,627,0.1,True,264.0,266.0,2128.0,0.09098192304372787,962.0,7696.0
formal,NOG-FO,627,0.05,True,360.0,362.0,2896.0,0.04082658886909485,962.0,7696.0
formal,NOG-FO,627,0.03,True,408.0,410.0,3280.0,0.02452949248254299,962.0,7696.0
formal,NOG-FO,627,0.02,True,432.0,434.0,3472.0,0.01937463879585266,962.0,7696.0
formal,NOG-FO,627,0.015,True,480.0,482.0,3856.0,0.014073314145207405,962.0,7696.0
formal,NOG-FO,627,0.01,True,672.0,674.0,5392.0,0.009738755412399769,962.0,7696.0
formal,NOG-FO,627,0.009,False,,,,0.009939171373844147,962.0,7696.0
formal,NOG-FO,627,0.008,False,,,,0.009939171373844147,962.0,7696.0
formal,NOG-FO,628,0.2,True,144.0,146.0,1168.0,0.19099843502044678,962.0,7696.0
formal,NOG-FO,628,0.1,True,264.0,266.0,2128.0,0.0983487069606781,962.0,7696.0
formal,NOG-FO,628,0.05,True,360.0,362.0,2896.0,0.04947715252637863,962.0,7696.0
formal,NOG-FO,628,0.03,True,432.0,434.0,3472.0,0.026015138253569603,962.0,7696.0
formal,NOG-FO,628,0.02,True,480.0,482.0,3856.0,0.018514659255743027,962.0,7696.0
formal,NOG-FO,628,0.015,True,552.0,554.0,4432.0,0.01273910328745842,962.0,7696.0
formal,NOG-FO,628,0.01,True,672.0,674.0,5392.0,0.009763062000274658,962.0,7696.0
formal,NOG-FO,628,0.009,False,,,,0.011441212147474289,962.0,7696.0
formal,NOG-FO,628,0.008,False,,,,0.011441212147474289,962.0,7696.0
formal,NOG-FO,629,0.2,True,144.0,146.0,1168.0,0.18990959227085114,962.0,7696.0
formal,NOG-FO,629,0.1,True,264.0,266.0,2128.0,0.09389010816812515,962.0,7696.0
formal,NOG-FO,629,0.05,True,360.0,362.0,2896.0,0.04428106173872948,962.0,7696.0
formal,NOG-FO,629,0.03,True,432.0,434.0,3472.0,0.025807207450270653,962.0,7696.0
formal,NOG-FO,629,0.02,True,480.0,482.0,3856.0,0.01818280667066574,962.0,7696.0
formal,NOG-FO,629,0.015,True,528.0,530.0,4240.0,0.014180146157741547,962.0,7696.0
formal,NOG-FO,629,0.01,True,624.0,626.0,5008.0,0.0093733174726367,962.0,7696.0
formal,NOG-FO,629,0.009,True,672.0,674.0,5392.0,0.008888560347259045,962.0,7696.0
formal,NOG-FO,629,0.008,False,,,,0.009154943749308586,962.0,7696.0
formal,NOG-FO,630,0.2,True,144.0,146.0,1168.0,0.19191394746303558,962.0,7696.0
formal,NOG-FO,630,0.1,True,264.0,266.0,2128.0,0.09560371190309525,962.0,7696.0
formal,NOG-FO,630,0.05,True,360.0,362.0,2896.0,0.03935062512755394,962.0,7696.0
formal,NOG-FO,630,0.03,True,408.0,410.0,3280.0,0.02528359182178974,962.0,7696.0
formal,NOG-FO,630,0.02,True,456.0,458.0,3664.0,0.018716096878051758,962.0,7696.0
formal,NOG-FO,630,0.015,True,528.0,530.0,4240.0,0.013180876150727272,962.0,7696.0
formal,NOG-FO,630,0.01,True,672.0,674.0,5392.0,0.009990711696445942,962.0,7696.0
formal,NOG-FO,630,0.009,False,,,,0.009529843926429749,962.0,7696.0
formal,NOG-FO,630,0.008,False,,,,0.009529843926429749,962.0,7696.0
formal,NOG-FO,631,0.2,True,144.0,146.0,1168.0,0.19183187186717987,962.0,7696.0
formal,NOG-FO,631,0.1,True,264.0,266.0,2128.0,0.09121965616941452,962.0,7696.0
formal,NOG-FO,631,0.05,True,336.0,338.0,2704.0,0.04858482629060745,962.0,7696.0
formal,NOG-FO,631,0.03,True,408.0,410.0,3280.0,0.02460744045674801,962.0,7696.0
formal,NOG-FO,631,0.02,True,432.0,434.0,3472.0,0.019945254549384117,962.0,7696.0
formal,NOG-FO,631,0.015,True,504.0,506.0,4048.0,0.012581149116158485,962.0,7696.0
formal,NOG-FO,631,0.01,True,552.0,554.0,4432.0,0.009829704649746418,962.0,7696.0
formal,NOG-FO,631,0.009,True,744.0,746.0,5968.0,0.00868855882436037,962.0,7696.0
formal,NOG-FO,631,0.008,False,,,,0.009239410981535912,962.0,7696.0
formal,NOG-FO,632,0.2,True,144.0,146.0,1168.0,0.1926063597202301,962.0,7696.0
formal,NOG-FO,632,0.1,True,264.0,266.0,2128.0,0.09787068516016006,962.0,7696.0
formal,NOG-FO,632,0.05,True,360.0,362.0,2896.0,0.04282732307910919,962.0,7696.0
formal,NOG-FO,632,0.03,True,432.0,434.0,3472.0,0.025882242247462273,962.0,7696.0
formal,NOG-FO,632,0.02,True,456.0,458.0,3664.0,0.019872428849339485,962.0,7696.0
formal,NOG-FO,632,0.015,True,528.0,530.0,4240.0,0.01245828252285719,962.0,7696.0
formal,NOG-FO,632,0.01,True,624.0,626.0,5008.0,0.008669992908835411,962.0,7696.0
formal,NOG-FO,632,0.009,True,624.0,626.0,5008.0,0.008669992908835411,962.0,7696.0
formal,NOG-FO,632,0.008,False,,,,0.010719222947955132,962.0,7696.0
formal,NOG-FO,633,0.2,True,144.0,146.0,1168.0,0.1925887018442154,962.0,7696.0
formal,NOG-FO,633,0.1,True,264.0,266.0,2128.0,0.09771545231342316,962.0,7696.0
formal,NOG-FO,633,0.05,True,360.0,362.0,2896.0,0.043840184807777405,962.0,7696.0
formal,NOG-FO,633,0.03,True,408.0,410.0,3280.0,0.02717340551316738,962.0,7696.0
formal,NOG-FO,633,0.02,True,456.0,458.0,3664.0,0.01907653734087944,962.0,7696.0
formal,NOG-FO,633,0.015,True,480.0,482.0,3856.0,0.014739499427378178,962.0,7696.0
formal,NOG-FO,633,0.01,True,648.0,650.0,5200.0,0.009546676650643349,962.0,7696.0
formal,NOG-FO,633,0.009,False,,,,0.010653908364474773,962.0,7696.0
formal,NOG-FO,633,0.008,False,,,,0.010653908364474773,962.0,7696.0
formal,NOG-FO,634,0.2,True,144.0,146.0,1168.0,0.1908513456583023,962.0,7696.0
formal,NOG-FO,634,0.1,True,264.0,266.0,2128.0,0.09529569745063782,962.0,7696.0
formal,NOG-FO,634,0.05,True,360.0,362.0,2896.0,0.04394589737057686,962.0,7696.0
formal,NOG-FO,634,0.03,True,408.0,410.0,3280.0,0.028246039524674416,962.0,7696.0
formal,NOG-FO,634,0.02,True,456.0,458.0,3664.0,0.015987910330295563,962.0,7696.0
formal,NOG-FO,634,0.015,True,480.0,482.0,3856.0,0.014806699007749557,962.0,7696.0
formal,NOG-FO,634,0.01,True,720.0,722.0,5776.0,0.009968170896172523,962.0,7696.0
formal,NOG-FO,634,0.009,True,888.0,890.0,7120.0,0.008562619797885418,962.0,7696.0
formal,NOG-FO,634,0.008,False,,,,0.009206676855683327,962.0,7696.0
formal,NOG-FO,635,0.2,True,144.0,146.0,1168.0,0.18918856978416443,962.0,7696.0
formal,NOG-FO,635,0.1,True,264.0,266.0,2128.0,0.08889547735452652,962.0,7696.0
formal,NOG-FO,635,0.05,True,336.0,338.0,2704.0,0.04802948608994484,962.0,7696.0
formal,NOG-FO,635,0.03,True,408.0,410.0,3280.0,0.02518082596361637,962.0,7696.0
formal,NOG-FO,635,0.02,True,456.0,458.0,3664.0,0.016886470839381218,962.0,7696.0
formal,NOG-FO,635,0.015,True,480.0,482.0,3856.0,0.012730627320706844,962.0,7696.0
formal,NOG-FO,635,0.01,True,720.0,722.0,5776.0,0.009475418366491795,962.0,7696.0
formal,NOG-FO,635,0.009,True,840.0,842.0,6736.0,0.008957705460488796,962.0,7696.0
formal,NOG-FO,635,0.008,False,,,,0.008763816207647324,962.0,7696.0
formal,NOG-FO,636,0.2,True,144.0,146.0,1168.0,0.18912899494171143,962.0,7696.0
formal,NOG-FO,636,0.1,True,264.0,266.0,2128.0,0.08803112804889679,962.0,7696.0
formal,NOG-FO,636,0.05,True,336.0,338.0,2704.0,0.0468643456697464,962.0,7696.0
formal,NOG-FO,636,0.03,True,384.0,386.0,3088.0,0.029213713482022285,962.0,7696.0
formal,NOG-FO,636,0.02,True,456.0,458.0,3664.0,0.016281872987747192,962.0,7696.0
formal,NOG-FO,636,0.015,True,528.0,530.0,4240.0,0.013474097475409508,962.0,7696.0
formal,NOG-FO,636,0.01,True,600.0,602.0,4816.0,0.009725612588226795,962.0,7696.0
formal,NOG-FO,636,0.009,False,,,,0.011205924674868584,962.0,7696.0
formal,NOG-FO,636,0.008,False,,,,0.011205924674868584,962.0,7696.0
formal,NOG-FO,637,0.2,True,144.0,146.0,1168.0,0.1930598020553589,962.0,7696.0
formal,NOG-FO,637,0.1,True,264.0,266.0,2128.0,0.09685225784778595,962.0,7696.0
formal,NOG-FO,637,0.05,True,360.0,362.0,2896.0,0.04059870168566704,962.0,7696.0
formal,NOG-FO,637,0.03,True,408.0,410.0,3280.0,0.02797497622668743,962.0,7696.0
formal,NOG-FO,637,0.02,True,456.0,458.0,3664.0,0.01828419417142868,962.0,7696.0
formal,NOG-FO,637,0.015,True,504.0,506.0,4048.0,0.013330231420695782,962.0,7696.0
formal,NOG-FO,637,0.01,True,648.0,650.0,5200.0,0.009950283914804459,962.0,7696.0
formal,NOG-FO,637,0.009,False,,,,0.009924394078552723,962.0,7696.0
formal,NOG-FO,637,0.008,False,,,,0.009924394078552723,962.0,7696.0
formal,NOG-FO,638,0.2,True,144.0,146.0,1168.0,0.19045951962471008,962.0,7696.0
formal,NOG-FO,638,0.1,True,264.0,266.0,2128.0,0.09616082906723022,962.0,7696.0
formal,NOG-FO,638,0.05,True,360.0,362.0,2896.0,0.04143524542450905,962.0,7696.0
formal,NOG-FO,638,0.03,True,408.0,410.0,3280.0,0.028273500502109528,962.0,7696.0
formal,NOG-FO,638,0.02,True,456.0,458.0,3664.0,0.01908711902797222,962.0,7696.0
formal,NOG-FO,638,0.015,True,504.0,506.0,4048.0,0.012622728943824768,962.0,7696.0
formal,NOG-FO,638,0.01,True,600.0,602.0,4816.0,0.0099604781717062,962.0,7696.0
formal,NOG-FO,638,0.009,False,,,,0.011413357220590115,962.0,7696.0
formal,NOG-FO,638,0.008,False,,,,0.011413357220590115,962.0,7696.0
formal,NOG-FO,639,0.2,True,144.0,146.0,1168.0,0.1915448009967804,962.0,7696.0
formal,NOG-FO,639,0.1,True,264.0,266.0,2128.0,0.09322820603847504,962.0,7696.0
formal,NOG-FO,639,0.05,True,360.0,362.0,2896.0,0.038890983909368515,962.0,7696.0
formal,NOG-FO,639,0.03,True,408.0,410.0,3280.0,0.026246365159749985,962.0,7696.0
formal,NOG-FO,639,0.02,True,456.0,458.0,3664.0,0.016252415254712105,962.0,7696.0
formal,NOG-FO,639,0.015,True,480.0,482.0,3856.0,0.014524860307574272,962.0,7696.0
formal,NOG-FO,639,0.01,True,624.0,626.0,5008.0,0.009714479558169842,962.0,7696.0
formal,NOG-FO,639,0.009,False,,,,0.010834121145308018,962.0,7696.0
formal,NOG-FO,639,0.008,False,,,,0.010834121145308018,962.0,7696.0
formal,NOG-FO-NONOPT,620,0.2,True,72.0,74.0,592.0,0.196649432182312,962.0,7696.0
formal,NOG-FO-NONOPT,620,0.1,True,144.0,146.0,1168.0,0.08357638120651245,962.0,7696.0
formal,NOG-FO-NONOPT,620,0.05,True,192.0,194.0,1552.0,0.032259710133075714,962.0,7696.0
formal,NOG-FO-NONOPT,620,0.03,True,216.0,218.0,1744.0,0.02219974249601364,962.0,7696.0
formal,NOG-FO-NONOPT,620,0.02,True,240.0,242.0,1936.0,0.01873866654932499,962.0,7696.0
formal,NOG-FO-NONOPT,620,0.015,True,264.0,266.0,2128.0,0.012041283771395683,962.0,7696.0
formal,NOG-FO-NONOPT,620,0.01,False,,,,0.011782958172261715,962.0,7696.0
formal,NOG-FO-NONOPT,620,0.009,False,,,,0.011782958172261715,962.0,7696.0
formal,NOG-FO-NONOPT,620,0.008,False,,,,0.011782958172261715,962.0,7696.0
formal,NOG-FO-NONOPT,621,0.2,True,72.0,74.0,592.0,0.19423654675483704,962.0,7696.0
formal,NOG-FO-NONOPT,621,0.1,True,144.0,146.0,1168.0,0.07966817170381546,962.0,7696.0
formal,NOG-FO-NONOPT,621,0.05,True,168.0,170.0,1360.0,0.048282742500305176,962.0,7696.0
formal,NOG-FO-NONOPT,621,0.03,True,216.0,218.0,1744.0,0.022143617272377014,962.0,7696.0
formal,NOG-FO-NONOPT,621,0.02,True,240.0,242.0,1936.0,0.01595824956893921,962.0,7696.0
formal,NOG-FO-NONOPT,621,0.015,True,288.0,290.0,2320.0,0.01176898367702961,962.0,7696.0
formal,NOG-FO-NONOPT,621,0.01,False,,,,0.012656617909669876,962.0,7696.0
formal,NOG-FO-NONOPT,621,0.009,False,,,,0.012656617909669876,962.0,7696.0
formal,NOG-FO-NONOPT,621,0.008,False,,,,0.012656617909669876,962.0,7696.0
formal,NOG-FO-NONOPT,622,0.2,True,72.0,74.0,592.0,0.19970345497131348,962.0,7696.0
formal,NOG-FO-NONOPT,622,0.1,True,144.0,146.0,1168.0,0.08348719775676727,962.0,7696.0
formal,NOG-FO-NONOPT,622,0.05,True,168.0,170.0,1360.0,0.04981798678636551,962.0,7696.0
formal,NOG-FO-NONOPT,622,0.03,True,216.0,218.0,1744.0,0.018030041828751564,962.0,7696.0
formal,NOG-FO-NONOPT,622,0.02,True,216.0,218.0,1744.0,0.018030041828751564,962.0,7696.0
formal,NOG-FO-NONOPT,622,0.015,True,240.0,242.0,1936.0,0.014079820364713669,962.0,7696.0
formal,NOG-FO-NONOPT,622,0.01,False,,,,0.012205355800688267,962.0,7696.0
formal,NOG-FO-NONOPT,622,0.009,False,,,,0.012205355800688267,962.0,7696.0
formal,NOG-FO-NONOPT,622,0.008,False,,,,0.012205355800688267,962.0,7696.0
formal,NOG-FO-NONOPT,623,0.2,True,72.0,74.0,592.0,0.19951900839805603,962.0,7696.0
formal,NOG-FO-NONOPT,623,0.1,True,144.0,146.0,1168.0,0.08388740569353104,962.0,7696.0
formal,NOG-FO-NONOPT,623,0.05,True,192.0,194.0,1552.0,0.03538961336016655,962.0,7696.0
formal,NOG-FO-NONOPT,623,0.03,True,216.0,218.0,1744.0,0.022070402279496193,962.0,7696.0
formal,NOG-FO-NONOPT,623,0.02,True,240.0,242.0,1936.0,0.015547633171081543,962.0,7696.0
formal,NOG-FO-NONOPT,623,0.015,True,264.0,266.0,2128.0,0.012933771125972271,962.0,7696.0
formal,NOG-FO-NONOPT,623,0.01,False,,,,0.013429437763988972,962.0,7696.0
formal,NOG-FO-NONOPT,623,0.009,False,,,,0.013429437763988972,962.0,7696.0
formal,NOG-FO-NONOPT,623,0.008,False,,,,0.013429437763988972,962.0,7696.0
formal,NOG-FO-NONOPT,624,0.2,True,72.0,74.0,592.0,0.1966862976551056,962.0,7696.0
formal,NOG-FO-NONOPT,624,0.1,True,144.0,146.0,1168.0,0.08407929539680481,962.0,7696.0
formal,NOG-FO-NONOPT,624,0.05,True,192.0,194.0,1552.0,0.03710810840129852,962.0,7696.0
formal,NOG-FO-NONOPT,624,0.03,True,216.0,218.0,1744.0,0.024078700691461563,962.0,7696.0
formal,NOG-FO-NONOPT,624,0.02,True,264.0,266.0,2128.0,0.019138507544994354,962.0,7696.0
formal,NOG-FO-NONOPT,624,0.015,True,288.0,290.0,2320.0,0.013145257718861103,962.0,7696.0
formal,NOG-FO-NONOPT,624,0.01,False,,,,0.013560546562075615,962.0,7696.0
formal,NOG-FO-NONOPT,624,0.009,False,,,,0.013560546562075615,962.0,7696.0
formal,NOG-FO-NONOPT,624,0.008,False,,,,0.013560546562075615,962.0,7696.0
formal,NOG-FO-NONOPT,625,0.2,True,72.0,74.0,592.0,0.19785158336162567,962.0,7696.0
formal,NOG-FO-NONOPT,625,0.1,True,144.0,146.0,1168.0,0.08160657435655594,962.0,7696.0
formal,NOG-FO-NONOPT,625,0.05,True,192.0,194.0,1552.0,0.027823898941278458,962.0,7696.0
formal,NOG-FO-NONOPT,625,0.03,True,192.0,194.0,1552.0,0.027823898941278458,962.0,7696.0
formal,NOG-FO-NONOPT,625,0.02,True,216.0,218.0,1744.0,0.016878262162208557,962.0,7696.0
formal,NOG-FO-NONOPT,625,0.015,True,240.0,242.0,1936.0,0.012685718946158886,962.0,7696.0
formal,NOG-FO-NONOPT,625,0.01,False,,,,0.013564852066338062,962.0,7696.0
formal,NOG-FO-NONOPT,625,0.009,False,,,,0.013564852066338062,962.0,7696.0
formal,NOG-FO-NONOPT,625,0.008,False,,,,0.013564852066338062,962.0,7696.0
formal,NOG-FO-NONOPT,626,0.2,True,72.0,74.0,592.0,0.19684572517871857,962.0,7696.0
formal,NOG-FO-NONOPT,626,0.1,True,144.0,146.0,1168.0,0.08003275841474533,962.0,7696.0
formal,NOG-FO-NONOPT,626,0.05,True,192.0,194.0,1552.0,0.02900570072233677,962.0,7696.0
formal,NOG-FO-NONOPT,626,0.03,True,192.0,194.0,1552.0,0.02900570072233677,962.0,7696.0
formal,NOG-FO-NONOPT,626,0.02,True,216.0,218.0,1744.0,0.015756551176309586,962.0,7696.0
formal,NOG-FO-NONOPT,626,0.015,True,240.0,242.0,1936.0,0.012554706074297428,962.0,7696.0
formal,NOG-FO-NONOPT,626,0.01,False,,,,0.0179295651614666,962.0,7696.0
formal,NOG-FO-NONOPT,626,0.009,False,,,,0.0179295651614666,962.0,7696.0
formal,NOG-FO-NONOPT,626,0.008,False,,,,0.0179295651614666,962.0,7696.0
formal,NOG-FO-NONOPT,627,0.2,True,72.0,74.0,592.0,0.1957450658082962,962.0,7696.0
formal,NOG-FO-NONOPT,627,0.1,True,144.0,146.0,1168.0,0.08008809387683868,962.0,7696.0
formal,NOG-FO-NONOPT,627,0.05,True,192.0,194.0,1552.0,0.02964734472334385,962.0,7696.0
formal,NOG-FO-NONOPT,627,0.03,True,192.0,194.0,1552.0,0.02964734472334385,962.0,7696.0
formal,NOG-FO-NONOPT,627,0.02,True,240.0,242.0,1936.0,0.011474169790744781,962.0,7696.0
formal,NOG-FO-NONOPT,627,0.015,True,240.0,242.0,1936.0,0.011474169790744781,962.0,7696.0
formal,NOG-FO-NONOPT,627,0.01,False,,,,0.01293324027210474,962.0,7696.0
formal,NOG-FO-NONOPT,627,0.009,False,,,,0.01293324027210474,962.0,7696.0
formal,NOG-FO-NONOPT,627,0.008,False,,,,0.01293324027210474,962.0,7696.0
formal,NOG-FO-NONOPT,628,0.2,True,72.0,74.0,592.0,0.19632890820503235,962.0,7696.0
formal,NOG-FO-NONOPT,628,0.1,True,144.0,146.0,1168.0,0.0817035660147667,962.0,7696.0
formal,NOG-FO-NONOPT,628,0.05,True,192.0,194.0,1552.0,0.035604022443294525,962.0,7696.0
formal,NOG-FO-NONOPT,628,0.03,True,216.0,218.0,1744.0,0.024997346103191376,962.0,7696.0
formal,NOG-FO-NONOPT,628,0.02,True,240.0,242.0,1936.0,0.014028259553015232,962.0,7696.0
formal,NOG-FO-NONOPT,628,0.015,True,240.0,242.0,1936.0,0.014028259553015232,962.0,7696.0
formal,NOG-FO-NONOPT,628,0.01,False,,,,0.014277922920882702,962.0,7696.0
formal,NOG-FO-NONOPT,628,0.009,False,,,,0.014277922920882702,962.0,7696.0
formal,NOG-FO-NONOPT,628,0.008,False,,,,0.014277922920882702,962.0,7696.0
formal,NOG-FO-NONOPT,629,0.2,True,72.0,74.0,592.0,0.19749660789966583,962.0,7696.0
formal,NOG-FO-NONOPT,629,0.1,True,144.0,146.0,1168.0,0.08169670403003693,962.0,7696.0
formal,NOG-FO-NONOPT,629,0.05,True,192.0,194.0,1552.0,0.029173512011766434,962.0,7696.0
formal,NOG-FO-NONOPT,629,0.03,True,192.0,194.0,1552.0,0.029173512011766434,962.0,7696.0
formal,NOG-FO-NONOPT,629,0.02,True,216.0,218.0,1744.0,0.017428092658519745,962.0,7696.0
formal,NOG-FO-NONOPT,629,0.015,True,336.0,338.0,2704.0,0.01420044619590044,962.0,7696.0
formal,NOG-FO-NONOPT,629,0.01,False,,,,0.012121862731873989,962.0,7696.0
formal,NOG-FO-NONOPT,629,0.009,False,,,,0.012121862731873989,962.0,7696.0
formal,NOG-FO-NONOPT,629,0.008,False,,,,0.012121862731873989,962.0,7696.0
formal,NOG-FO-NONOPT,630,0.2,True,72.0,74.0,592.0,0.19819265604019165,962.0,7696.0
formal,NOG-FO-NONOPT,630,0.1,True,144.0,146.0,1168.0,0.07867121696472168,962.0,7696.0
formal,NOG-FO-NONOPT,630,0.05,True,168.0,170.0,1360.0,0.04718706011772156,962.0,7696.0
formal,NOG-FO-NONOPT,630,0.03,True,192.0,194.0,1552.0,0.02984580211341381,962.0,7696.0
formal,NOG-FO-NONOPT,630,0.02,True,216.0,218.0,1744.0,0.015338636003434658,962.0,7696.0
formal,NOG-FO-NONOPT,630,0.015,True,240.0,242.0,1936.0,0.013989635743200779,962.0,7696.0
formal,NOG-FO-NONOPT,630,0.01,False,,,,0.013080243021249771,962.0,7696.0
formal,NOG-FO-NONOPT,630,0.009,False,,,,0.013080243021249771,962.0,7696.0
formal,NOG-FO-NONOPT,630,0.008,False,,,,0.013080243021249771,962.0,7696.0
formal,NOG-FO-NONOPT,631,0.2,True,72.0,74.0,592.0,0.19896498322486877,962.0,7696.0
formal,NOG-FO-NONOPT,631,0.1,True,144.0,146.0,1168.0,0.07714025676250458,962.0,7696.0
formal,NOG-FO-NONOPT,631,0.05,True,168.0,170.0,1360.0,0.04589838162064552,962.0,7696.0
formal,NOG-FO-NONOPT,631,0.03,True,192.0,194.0,1552.0,0.02355062961578369,962.0,7696.0
formal,NOG-FO-NONOPT,631,0.02,True,216.0,218.0,1744.0,0.017443956807255745,962.0,7696.0
formal,NOG-FO-NONOPT,631,0.015,True,240.0,242.0,1936.0,0.01414636243134737,962.0,7696.0
formal,NOG-FO-NONOPT,631,0.01,False,,,,0.0117378244176507,962.0,7696.0
formal,NOG-FO-NONOPT,631,0.009,False,,,,0.0117378244176507,962.0,7696.0
formal,NOG-FO-NONOPT,631,0.008,False,,,,0.0117378244176507,962.0,7696.0
formal,NOG-FO-NONOPT,632,0.2,True,72.0,74.0,592.0,0.19481077790260315,962.0,7696.0
formal,NOG-FO-NONOPT,632,0.1,True,144.0,146.0,1168.0,0.08249326050281525,962.0,7696.0
formal,NOG-FO-NONOPT,632,0.05,True,168.0,170.0,1360.0,0.049650888890028,962.0,7696.0
formal,NOG-FO-NONOPT,632,0.03,True,192.0,194.0,1552.0,0.026164885610342026,962.0,7696.0
formal,NOG-FO-NONOPT,632,0.02,True,216.0,218.0,1744.0,0.018037499859929085,962.0,7696.0
formal,NOG-FO-NONOPT,632,0.015,True,264.0,266.0,2128.0,0.012784152291715145,962.0,7696.0
formal,NOG-FO-NONOPT,632,0.01,False,,,,0.01369287446141243,962.0,7696.0
formal,NOG-FO-NONOPT,632,0.009,False,,,,0.01369287446141243,962.0,7696.0
formal,NOG-FO-NONOPT,632,0.008,False,,,,0.01369287446141243,962.0,7696.0
formal,NOG-FO-NONOPT,633,0.2,True,72.0,74.0,592.0,0.19694779813289642,962.0,7696.0
formal,NOG-FO-NONOPT,633,0.1,True,144.0,146.0,1168.0,0.08415445685386658,962.0,7696.0
formal,NOG-FO-NONOPT,633,0.05,True,192.0,194.0,1552.0,0.03237289935350418,962.0,7696.0
formal,NOG-FO-NONOPT,633,0.03,True,216.0,218.0,1744.0,0.022782841697335243,962.0,7696.0
formal,NOG-FO-NONOPT,633,0.02,True,240.0,242.0,1936.0,0.01769142411649227,962.0,7696.0
formal,NOG-FO-NONOPT,633,0.015,True,336.0,338.0,2704.0,0.014433528296649456,962.0,7696.0
formal,NOG-FO-NONOPT,633,0.01,False,,,,0.014623272232711315,962.0,7696.0
formal,NOG-FO-NONOPT,633,0.009,False,,,,0.014623272232711315,962.0,7696.0
formal,NOG-FO-NONOPT,633,0.008,False,,,,0.014623272232711315,962.0,7696.0
formal,NOG-FO-NONOPT,634,0.2,True,72.0,74.0,592.0,0.19541391730308533,962.0,7696.0
formal,NOG-FO-NONOPT,634,0.1,True,144.0,146.0,1168.0,0.07949686050415039,962.0,7696.0
formal,NOG-FO-NONOPT,634,0.05,True,168.0,170.0,1360.0,0.04906599596142769,962.0,7696.0
formal,NOG-FO-NONOPT,634,0.03,True,216.0,218.0,1744.0,0.02571006678044796,962.0,7696.0
formal,NOG-FO-NONOPT,634,0.02,True,240.0,242.0,1936.0,0.019840918481349945,962.0,7696.0
formal,NOG-FO-NONOPT,634,0.015,True,312.0,314.0,2512.0,0.013030541129410267,962.0,7696.0
formal,NOG-FO-NONOPT,634,0.01,False,,,,0.01201891154050827,962.0,7696.0
formal,NOG-FO-NONOPT,634,0.009,False,,,,0.01201891154050827,962.0,7696.0
formal,NOG-FO-NONOPT,634,0.008,False,,,,0.01201891154050827,962.0,7696.0
formal,NOG-FO-NONOPT,635,0.2,True,72.0,74.0,592.0,0.19520020484924316,962.0,7696.0
formal,NOG-FO-NONOPT,635,0.1,True,144.0,146.0,1168.0,0.07674824446439743,962.0,7696.0
formal,NOG-FO-NONOPT,635,0.05,True,168.0,170.0,1360.0,0.04723019525408745,962.0,7696.0
formal,NOG-FO-NONOPT,635,0.03,True,216.0,218.0,1744.0,0.0163097120821476,962.0,7696.0
formal,NOG-FO-NONOPT,635,0.02,True,216.0,218.0,1744.0,0.0163097120821476,962.0,7696.0
formal,NOG-FO-NONOPT,635,0.015,True,264.0,266.0,2128.0,0.013261140324175358,962.0,7696.0
formal,NOG-FO-NONOPT,635,0.01,False,,,,0.011809451505541801,962.0,7696.0
formal,NOG-FO-NONOPT,635,0.009,False,,,,0.011809451505541801,962.0,7696.0
formal,NOG-FO-NONOPT,635,0.008,False,,,,0.011809451505541801,962.0,7696.0
formal,NOG-FO-NONOPT,636,0.2,True,72.0,74.0,592.0,0.19698792695999146,962.0,7696.0
formal,NOG-FO-NONOPT,636,0.1,True,144.0,146.0,1168.0,0.07646746188402176,962.0,7696.0
formal,NOG-FO-NONOPT,636,0.05,True,168.0,170.0,1360.0,0.04786209762096405,962.0,7696.0
formal,NOG-FO-NONOPT,636,0.03,True,192.0,194.0,1552.0,0.026138460263609886,962.0,7696.0
formal,NOG-FO-NONOPT,636,0.02,True,216.0,218.0,1744.0,0.015764551237225533,962.0,7696.0
formal,NOG-FO-NONOPT,636,0.015,True,240.0,242.0,1936.0,0.014254620298743248,962.0,7696.0
formal,NOG-FO-NONOPT,636,0.01,False,,,,0.013087533414363861,962.0,7696.0
formal,NOG-FO-NONOPT,636,0.009,False,,,,0.013087533414363861,962.0,7696.0
formal,NOG-FO-NONOPT,636,0.008,False,,,,0.013087533414363861,962.0,7696.0
formal,NOG-FO-NONOPT,637,0.2,True,72.0,74.0,592.0,0.19708915054798126,962.0,7696.0
formal,NOG-FO-NONOPT,637,0.1,True,144.0,146.0,1168.0,0.08210664242506027,962.0,7696.0
formal,NOG-FO-NONOPT,637,0.05,True,192.0,194.0,1552.0,0.027887219563126564,962.0,7696.0
formal,NOG-FO-NONOPT,637,0.03,True,192.0,194.0,1552.0,0.027887219563126564,962.0,7696.0
formal,NOG-FO-NONOPT,637,0.02,True,216.0,218.0,1744.0,0.017011554911732674,962.0,7696.0
formal,NOG-FO-NONOPT,637,0.015,True,288.0,290.0,2320.0,0.014309396035969257,962.0,7696.0
formal,NOG-FO-NONOPT,637,0.01,False,,,,0.012886389158666134,962.0,7696.0
formal,NOG-FO-NONOPT,637,0.009,False,,,,0.012886389158666134,962.0,7696.0
formal,NOG-FO-NONOPT,637,0.008,False,,,,0.012886389158666134,962.0,7696.0
formal,NOG-FO-NONOPT,638,0.2,True,72.0,74.0,592.0,0.1962883472442627,962.0,7696.0
formal,NOG-FO-NONOPT,638,0.1,True,144.0,146.0,1168.0,0.08153794705867767,962.0,7696.0
formal,NOG-FO-NONOPT,638,0.05,True,192.0,194.0,1552.0,0.03021162934601307,962.0,7696.0
formal,NOG-FO-NONOPT,638,0.03,True,216.0,218.0,1744.0,0.02224881388247013,962.0,7696.0
formal,NOG-FO-NONOPT,638,0.02,True,240.0,242.0,1936.0,0.015837859362363815,962.0,7696.0
formal,NOG-FO-NONOPT,638,0.015,True,264.0,266.0,2128.0,0.014981278218328953,962.0,7696.0
formal,NOG-FO-NONOPT,638,0.01,False,,,,0.013760831207036972,962.0,7696.0
formal,NOG-FO-NONOPT,638,0.009,False,,,,0.013760831207036972,962.0,7696.0
formal,NOG-FO-NONOPT,638,0.008,False,,,,0.013760831207036972,962.0,7696.0
formal,NOG-FO-NONOPT,639,0.2,True,72.0,74.0,592.0,0.19851325452327728,962.0,7696.0
formal,NOG-FO-NONOPT,639,0.1,True,144.0,146.0,1168.0,0.07998966425657272,962.0,7696.0
formal,NOG-FO-NONOPT,639,0.05,True,168.0,170.0,1360.0,0.045892950147390366,962.0,7696.0
formal,NOG-FO-NONOPT,639,0.03,True,192.0,194.0,1552.0,0.02916126698255539,962.0,7696.0
formal,NOG-FO-NONOPT,639,0.02,True,216.0,218.0,1744.0,0.018409347161650658,962.0,7696.0
formal,NOG-FO-NONOPT,639,0.015,True,336.0,338.0,2704.0,0.013010276481509209,962.0,7696.0
formal,NOG-FO-NONOPT,639,0.01,False,,,,0.01514455396682024,962.0,7696.0
formal,NOG-FO-NONOPT,639,0.009,False,,,,0.01514455396682024,962.0,7696.0
formal,NOG-FO-NONOPT,639,0.008,False,,,,0.01514455396682024,962.0,7696.0
pilot,NOG-FO,600,0.2,True,144.0,146.0,1168.0,0.19310788810253143,962.0,7696.0
pilot,NOG-FO,600,0.1,True,264.0,266.0,2128.0,0.09670218825340271,962.0,7696.0
pilot,NOG-FO,600,0.05,True,360.0,362.0,2896.0,0.03938717022538185,962.0,7696.0
pilot,NOG-FO,600,0.03,True,408.0,410.0,3280.0,0.026906078681349754,962.0,7696.0
pilot,NOG-FO,600,0.02,True,480.0,482.0,3856.0,0.017595767974853516,962.0,7696.0
pilot,NOG-FO,600,0.015,True,504.0,506.0,4048.0,0.014079093933105469,962.0,7696.0
pilot,NOG-FO,600,0.01,True,672.0,674.0,5392.0,0.009824377484619617,962.0,7696.0
pilot,NOG-FO,600,0.009,False,,,,0.010087192989885807,962.0,7696.0
pilot,NOG-FO,600,0.008,False,,,,0.010087192989885807,962.0,7696.0
pilot,NOG-FO,601,0.2,True,144.0,146.0,1168.0,0.1924300491809845,962.0,7696.0
pilot,NOG-FO,601,0.1,True,264.0,266.0,2128.0,0.09459716081619263,962.0,7696.0
pilot,NOG-FO,601,0.05,True,360.0,362.0,2896.0,0.0437091700732708,962.0,7696.0
pilot,NOG-FO,601,0.03,True,408.0,410.0,3280.0,0.02967292256653309,962.0,7696.0
pilot,NOG-FO,601,0.02,True,480.0,482.0,3856.0,0.01788753643631935,962.0,7696.0
pilot,NOG-FO,601,0.015,True,528.0,530.0,4240.0,0.014388011768460274,962.0,7696.0
pilot,NOG-FO,601,0.01,True,600.0,602.0,4816.0,0.009394004009664059,962.0,7696.0
pilot,NOG-FO,601,0.009,True,840.0,842.0,6736.0,0.008781865239143372,962.0,7696.0
pilot,NOG-FO,601,0.008,False,,,,0.0102279307320714,962.0,7696.0
pilot,NOG-FO,602,0.2,True,144.0,146.0,1168.0,0.19303463399410248,962.0,7696.0
pilot,NOG-FO,602,0.1,True,264.0,266.0,2128.0,0.09990543127059937,962.0,7696.0
pilot,NOG-FO,602,0.05,True,360.0,362.0,2896.0,0.04824552312493324,962.0,7696.0
pilot,NOG-FO,602,0.03,True,432.0,434.0,3472.0,0.026944808661937714,962.0,7696.0
pilot,NOG-FO,602,0.02,True,504.0,506.0,4048.0,0.015549052506685257,962.0,7696.0
pilot,NOG-FO,602,0.015,True,528.0,530.0,4240.0,0.01255464181303978,962.0,7696.0
pilot,NOG-FO,602,0.01,True,624.0,626.0,5008.0,0.00993404258042574,962.0,7696.0
pilot,NOG-FO,602,0.009,True,744.0,746.0,5968.0,0.00869730394333601,962.0,7696.0
pilot,NOG-FO,602,0.008,False,,,,0.009396621026098728,962.0,7696.0
pilot,NOG-FO,603,0.2,True,144.0,146.0,1168.0,0.19186560809612274,962.0,7696.0
pilot,NOG-FO,603,0.1,True,264.0,266.0,2128.0,0.09786739945411682,962.0,7696.0
pilot,NOG-FO,603,0.05,True,360.0,362.0,2896.0,0.041363753378391266,962.0,7696.0
pilot,NOG-FO,603,0.03,True,408.0,410.0,3280.0,0.02624629996716976,962.0,7696.0
pilot,NOG-FO,603,0.02,True,456.0,458.0,3664.0,0.01947629451751709,962.0,7696.0
pilot,NOG-FO,603,0.015,True,504.0,506.0,4048.0,0.014074652455747128,962.0,7696.0
pilot,NOG-FO,603,0.01,True,648.0,650.0,5200.0,0.009983642026782036,962.0,7696.0
pilot,NOG-FO,603,0.009,False,,,,0.011736699379980564,962.0,7696.0
pilot,NOG-FO,603,0.008,False,,,,0.011736699379980564,962.0,7696.0
pilot,NOG-FO,604,0.2,True,144.0,146.0,1168.0,0.19178040325641632,962.0,7696.0
pilot,NOG-FO,604,0.1,True,264.0,266.0,2128.0,0.09508296847343445,962.0,7696.0
pilot,NOG-FO,604,0.05,True,360.0,362.0,2896.0,0.043623700737953186,962.0,7696.0
pilot,NOG-FO,604,0.03,True,432.0,434.0,3472.0,0.024280846118927002,962.0,7696.0
pilot,NOG-FO,604,0.02,True,456.0,458.0,3664.0,0.01963082142174244,962.0,7696.0
pilot,NOG-FO,604,0.015,True,528.0,530.0,4240.0,0.014007318764925003,962.0,7696.0
pilot,NOG-FO,604,0.01,True,600.0,602.0,4816.0,0.00920649990439415,962.0,7696.0
pilot,NOG-FO,604,0.009,False,,,,0.01072168629616499,962.0,7696.0
pilot,NOG-FO,604,0.008,False,,,,0.01072168629616499,962.0,7696.0
pilot,NOG-FO-NONOPT,600,0.2,True,72.0,74.0,592.0,0.19819000363349915,962.0,7696.0
pilot,NOG-FO-NONOPT,600,0.1,True,144.0,146.0,1168.0,0.08139649778604507,962.0,7696.0
pilot,NOG-FO-NONOPT,600,0.05,True,168.0,170.0,1360.0,0.049463964998722076,962.0,7696.0
pilot,NOG-FO-NONOPT,600,0.03,True,192.0,194.0,1552.0,0.02930709533393383,962.0,7696.0
pilot,NOG-FO-NONOPT,600,0.02,True,216.0,218.0,1744.0,0.018403466790914536,962.0,7696.0
pilot,NOG-FO-NONOPT,600,0.015,True,240.0,242.0,1936.0,0.012068070471286774,962.0,7696.0
pilot,NOG-FO-NONOPT,600,0.01,False,,,,0.01263867411762476,962.0,7696.0
pilot,NOG-FO-NONOPT,600,0.009,False,,,,0.01263867411762476,962.0,7696.0
pilot,NOG-FO-NONOPT,600,0.008,False,,,,0.01263867411762476,962.0,7696.0
pilot,NOG-FO-NONOPT,601,0.2,True,72.0,74.0,592.0,0.19619666039943695,962.0,7696.0
pilot,NOG-FO-NONOPT,601,0.1,True,144.0,146.0,1168.0,0.08225566893815994,962.0,7696.0
pilot,NOG-FO-NONOPT,601,0.05,True,192.0,194.0,1552.0,0.029601410031318665,962.0,7696.0
pilot,NOG-FO-NONOPT,601,0.03,True,192.0,194.0,1552.0,0.029601410031318665,962.0,7696.0
pilot,NOG-FO-NONOPT,601,0.02,True,216.0,218.0,1744.0,0.018181212246418,962.0,7696.0
pilot,NOG-FO-NONOPT,601,0.015,True,240.0,242.0,1936.0,0.014552724547684193,962.0,7696.0
pilot,NOG-FO-NONOPT,601,0.01,False,,,,0.014005213975906372,962.0,7696.0
pilot,NOG-FO-NONOPT,601,0.009,False,,,,0.014005213975906372,962.0,7696.0
pilot,NOG-FO-NONOPT,601,0.008,False,,,,0.014005213975906372,962.0,7696.0
pilot,NOG-FO-NONOPT,602,0.2,True,72.0,74.0,592.0,0.1980551779270172,962.0,7696.0
pilot,NOG-FO-NONOPT,602,0.1,True,144.0,146.0,1168.0,0.0827580913901329,962.0,7696.0
pilot,NOG-FO-NONOPT,602,0.05,True,192.0,194.0,1552.0,0.03454591706395149,962.0,7696.0
pilot,NOG-FO-NONOPT,602,0.03,True,216.0,218.0,1744.0,0.024598699063062668,962.0,7696.0
pilot,NOG-FO-NONOPT,602,0.02,True,240.0,242.0,1936.0,0.019207417964935303,962.0,7696.0
pilot,NOG-FO-NONOPT,602,0.015,True,312.0,314.0,2512.0,0.013123299926519394,962.0,7696.0
pilot,NOG-FO-NONOPT,602,0.01,False,,,,0.0121931042522192,962.0,7696.0
pilot,NOG-FO-NONOPT,602,0.009,False,,,,0.0121931042522192,962.0,7696.0
pilot,NOG-FO-NONOPT,602,0.008,False,,,,0.0121931042522192,962.0,7696.0
pilot,NOG-FO-NONOPT,603,0.2,True,72.0,74.0,592.0,0.19571608304977417,962.0,7696.0
pilot,NOG-FO-NONOPT,603,0.1,True,144.0,146.0,1168.0,0.08360829204320908,962.0,7696.0
pilot,NOG-FO-NONOPT,603,0.05,True,192.0,194.0,1552.0,0.032145775854587555,962.0,7696.0
pilot,NOG-FO-NONOPT,603,0.03,True,216.0,218.0,1744.0,0.022234726697206497,962.0,7696.0
pilot,NOG-FO-NONOPT,603,0.02,True,240.0,242.0,1936.0,0.01630501262843609,962.0,7696.0
pilot,NOG-FO-NONOPT,603,0.015,True,288.0,290.0,2320.0,0.013249940238893032,962.0,7696.0
pilot,NOG-FO-NONOPT,603,0.01,False,,,,0.017817001789808273,962.0,7696.0
pilot,NOG-FO-NONOPT,603,0.009,False,,,,0.017817001789808273,962.0,7696.0
pilot,NOG-FO-NONOPT,603,0.008,False,,,,0.017817001789808273,962.0,7696.0
pilot,NOG-FO-NONOPT,604,0.2,True,72.0,74.0,592.0,0.19773592054843903,962.0,7696.0
pilot,NOG-FO-NONOPT,604,0.1,True,144.0,146.0,1168.0,0.08203741163015366,962.0,7696.0
pilot,NOG-FO-NONOPT,604,0.05,True,168.0,170.0,1360.0,0.048458509147167206,962.0,7696.0
pilot,NOG-FO-NONOPT,604,0.03,True,192.0,194.0,1552.0,0.029850978404283524,962.0,7696.0
pilot,NOG-FO-NONOPT,604,0.02,True,240.0,242.0,1936.0,0.016619959846138954,962.0,7696.0
pilot,NOG-FO-NONOPT,604,0.015,True,264.0,266.0,2128.0,0.013715791516005993,962.0,7696.0
pilot,NOG-FO-NONOPT,604,0.01,False,,,,0.015056557022035122,962.0,7696.0
pilot,NOG-FO-NONOPT,604,0.009,False,,,,0.015056557022035122,962.0,7696.0
pilot,NOG-FO-NONOPT,604,0.008,False,,,,0.015056557022035122,962.0,7696.0
